$MeshFormat
4.1 0 8
$EndMeshFormat
$PhysicalNames
3
1 -2 "lixo"
1 2 "hexagon"
2 1 "domain"
$EndPhysicalNames
$Entities
553 1566 1014 0
1 1 0 0 0 
2 0.5000000000000001 0.8660254037844386 0 0 
3 -0.4999999999999998 0.8660254037844387 0 0 
4 -1 1.224646799147353e-16 0 0 
5 -0.5000000000000004 -0.8660254037844384 0 0 
6 0.4999999999999993 -0.866025403784439 0 0 
7 1 1.732050807568877 0 0 
8 0.5000000000000001 2.598076211353316 0 0 
9 -0.4999999999999998 2.598076211353316 0 0 
10 -1 1.732050807568877 0 0 
13 1 3.464101615137754 0 0 
14 0.5000000000000001 4.330127018922193 0 0 
15 -0.4999999999999998 4.330127018922193 0 0 
16 -1 3.464101615137754 0 0 
19 1 5.196152422706632 0 0 
20 0.5000000000000001 6.06217782649107 0 0 
21 -0.4999999999999998 6.06217782649107 0 0 
22 -1 5.196152422706632 0 0 
25 1 6.928203230275509 0 0 
26 0.5000000000000001 7.794228634059947 0 0 
27 -0.4999999999999998 7.794228634059947 0 0 
28 -1 6.928203230275509 0 0 
31 1 8.660254037844386 0 0 
32 0.5000000000000001 9.526279441628825 0 0 
33 -0.4999999999999998 9.526279441628825 0 0 
34 -1 8.660254037844386 0 0 
37 1 10.39230484541326 0 0 
38 0.5000000000000001 11.2583302491977 0 0 
39 -0.4999999999999998 11.2583302491977 0 0 
40 -1 10.39230484541326 0 0 
43 1 12.12435565298214 0 0 
44 0.5000000000000001 12.99038105676658 0 0 
45 -0.4999999999999998 12.99038105676658 0 0 
46 -1 12.12435565298214 0 0 
49 2.5 -0.8660254037844386 0 0 
50 2 0 0 0 
53 0.9999999999999996 -1.732050807568877 0 0 
54 1.999999999999999 -1.732050807568878 0 0 
55 2.5 0.8660254037844386 0 0 
56 2 1.732050807568877 0 0 
61 2.5 2.598076211353316 0 0 
62 2 3.464101615137754 0 0 
67 2.5 4.330127018922194 0 0 
68 2 5.196152422706632 0 0 
73 2.5 6.06217782649107 0 0 
74 2 6.928203230275509 0 0 
79 2.5 7.794228634059947 0 0 
80 2 8.660254037844386 0 0 
85 2.5 9.526279441628825 0 0 
86 2 10.39230484541326 0 0 
91 2.5 11.2583302491977 0 0 
92 2 12.12435565298214 0 0 
97 2.5 12.99038105676658 0 0 
98 2 13.85640646055102 0 0 
99 1 13.85640646055102 0 0 
103 4 -1.732050807568877 0 0 
104 3.5 -0.8660254037844386 0 0 
107 2.5 -2.598076211353316 0 0 
108 3.499999999999999 -2.598076211353316 0 0 
109 4 0 0 0 
110 3.5 0.8660254037844386 0 0 
115 4 1.732050807568877 0 0 
116 3.5 2.598076211353316 0 0 
121 4 3.464101615137755 0 0 
122 3.5 4.330127018922194 0 0 
127 4 5.196152422706632 0 0 
128 3.5 6.06217782649107 0 0 
133 4 6.928203230275509 0 0 
134 3.5 7.794228634059947 0 0 
139 4 8.660254037844387 0 0 
140 3.5 9.526279441628827 0 0 
145 4 10.39230484541326 0 0 
146 3.5 11.2583302491977 0 0 
151 4 12.12435565298214 0 0 
152 3.5 12.99038105676658 0 0 
157 4 13.85640646055102 0 0 
158 3.5 14.72243186433546 0 0 
159 2.5 14.72243186433546 0 0 
163 5.5 -2.598076211353316 0 0 
164 5 -1.732050807568877 0 0 
167 4 -3.464101615137754 0 0 
168 4.999999999999999 -3.464101615137755 0 0 
169 5.5 -0.8660254037844388 0 0 
170 5 -2.220446049250313e-16 0 0 
175 5.5 0.8660254037844384 0 0 
176 5 1.732050807568877 0 0 
181 5.5 2.598076211353316 0 0 
182 5 3.464101615137754 0 0 
187 5.5 4.330127018922193 0 0 
188 5 5.196152422706631 0 0 
193 5.5 6.06217782649107 0 0 
194 5 6.928203230275508 0 0 
199 5.5 7.794228634059948 0 0 
200 5 8.660254037844387 0 0 
205 5.5 9.526279441628825 0 0 
206 5 10.39230484541326 0 0 
211 5.5 11.2583302491977 0 0 
212 5 12.12435565298214 0 0 
217 5.5 12.99038105676658 0 0 
218 5 13.85640646055102 0 0 
223 5.5 14.72243186433546 0 0 
224 5 15.58845726811989 0 0 
225 4 15.58845726811989 0 0 
229 7 -3.464101615137754 0 0 
230 6.5 -2.598076211353316 0 0 
233 5.5 -4.330127018922193 0 0 
234 6.499999999999999 -4.330127018922194 0 0 
235 7 -1.732050807568877 0 0 
236 6.5 -0.8660254037844386 0 0 
241 7 0 0 0 
242 6.5 0.8660254037844386 0 0 
247 7 1.732050807568878 0 0 
248 6.5 2.598076211353316 0 0 
253 7 3.464101615137754 0 0 
254 6.5 4.330127018922193 0 0 
259 7 5.196152422706631 0 0 
260 6.5 6.06217782649107 0 0 
265 7 6.92820323027551 0 0 
266 6.5 7.794228634059948 0 0 
271 7 8.660254037844386 0 0 
272 6.5 9.526279441628825 0 0 
277 7 10.39230484541326 0 0 
278 6.5 11.2583302491977 0 0 
283 7 12.12435565298214 0 0 
284 6.5 12.99038105676658 0 0 
289 7 13.85640646055102 0 0 
290 6.5 14.72243186433546 0 0 
295 7 15.5884572681199 0 0 
296 6.5 16.45448267190433 0 0 
297 5.5 16.45448267190433 0 0 
301 8.5 -4.330127018922193 0 0 
302 8 -3.464101615137754 0 0 
305 7 -5.196152422706631 0 0 
306 7.999999999999999 -5.196152422706632 0 0 
307 8.5 -2.598076211353316 0 0 
308 8 -1.732050807568877 0 0 
313 8.5 -0.8660254037844384 0 0 
314 8 2.220446049250313e-16 0 0 
319 8.5 0.8660254037844393 0 0 
320 8 1.732050807568878 0 0 
325 8.5 2.598076211353316 0 0 
326 8 3.464101615137754 0 0 
331 8.5 4.330127018922193 0 0 
332 8 5.196152422706631 0 0 
337 8.5 6.062177826491071 0 0 
338 8 6.92820323027551 0 0 
343 8.5 7.794228634059948 0 0 
344 8 8.660254037844387 0 0 
349 8.5 9.526279441628825 0 0 
350 8 10.39230484541326 0 0 
355 8.5 11.2583302491977 0 0 
356 8 12.12435565298214 0 0 
361 8.5 12.99038105676658 0 0 
362 8 13.85640646055102 0 0 
367 8.5 14.72243186433546 0 0 
368 8 15.5884572681199 0 0 
373 8.5 16.45448267190434 0 0 
374 8 17.32050807568877 0 0 
375 7 17.32050807568877 0 0 
379 10 -5.196152422706631 0 0 
380 9.5 -4.330127018922193 0 0 
383 8.5 -6.06217782649107 0 0 
384 9.5 -6.06217782649107 0 0 
385 10 -3.464101615137754 0 0 
386 9.5 -2.598076211353315 0 0 
391 10 -1.732050807568877 0 0 
392 9.5 -0.8660254037844382 0 0 
397 10 8.881784197001252e-16 0 0 
398 9.5 0.8660254037844395 0 0 
403 10 1.732050807568878 0 0 
404 9.5 2.598076211353316 0 0 
409 10 3.464101615137754 0 0 
410 9.5 4.330127018922193 0 0 
415 10 5.196152422706633 0 0 
416 9.5 6.062177826491071 0 0 
421 10 6.92820323027551 0 0 
422 9.5 7.794228634059948 0 0 
427 10 8.660254037844386 0 0 
428 9.5 9.526279441628825 0 0 
433 10 10.39230484541326 0 0 
434 9.5 11.2583302491977 0 0 
439 10 12.12435565298214 0 0 
440 9.5 12.99038105676658 0 0 
445 10 13.85640646055102 0 0 
446 9.5 14.72243186433546 0 0 
451 10 15.5884572681199 0 0 
452 9.5 16.45448267190433 0 0 
457 10 17.32050807568877 0 0 
458 9.5 18.18653347947321 0 0 
459 8.5 18.18653347947321 0 0 
463 11.5 -6.06217782649107 0 0 
464 11 -5.196152422706631 0 0 
467 10 -6.928203230275508 0 0 
468 11 -6.928203230275509 0 0 
469 11.5 -4.330127018922193 0 0 
470 11 -3.464101615137754 0 0 
475 11.5 -2.598076211353315 0 0 
476 11 -1.732050807568877 0 0 
481 11.5 -0.8660254037844375 0 0 
482 11 1.110223024625157e-15 0 0 
487 11.5 0.8660254037844393 0 0 
488 11 1.732050807568878 0 0 
493 11.5 2.598076211353316 0 0 
494 11 3.464101615137754 0 0 
499 11.5 4.330127018922195 0 0 
500 11 5.196152422706633 0 0 
505 11.5 6.062177826491071 0 0 
506 11 6.92820323027551 0 0 
511 11.5 7.794228634059948 0 0 
512 11 8.660254037844387 0 0 
517 11.5 9.526279441628825 0 0 
518 11 10.39230484541326 0 0 
523 11.5 11.2583302491977 0 0 
524 11 12.12435565298214 0 0 
529 11.5 12.99038105676658 0 0 
530 11 13.85640646055102 0 0 
535 11.5 14.72243186433546 0 0 
536 11 15.5884572681199 0 0 
541 11.5 16.45448267190433 0 0 
542 11 17.32050807568877 0 0 
547 11.5 18.18653347947321 0 0 
548 11 19.05255888325765 0 0 
549 10 19.05255888325765 0 0 
553 13 -5.196152422706631 0 0 
554 12.5 -4.330127018922193 0 0 
558 12.5 -6.06217782649107 0 0 
559 13 -3.464101615137754 0 0 
560 12.5 -2.598076211353315 0 0 
565 13 -1.732050807568877 0 0 
566 12.5 -0.8660254037844382 0 0 
571 13 8.881784197001252e-16 0 0 
572 12.5 0.8660254037844395 0 0 
577 13 1.732050807568878 0 0 
578 12.5 2.598076211353316 0 0 
583 13 3.464101615137754 0 0 
584 12.5 4.330127018922193 0 0 
589 13 5.196152422706633 0 0 
590 12.5 6.062177826491071 0 0 
595 13 6.92820323027551 0 0 
596 12.5 7.794228634059948 0 0 
601 13 8.660254037844386 0 0 
602 12.5 9.526279441628825 0 0 
607 13 10.39230484541326 0 0 
608 12.5 11.2583302491977 0 0 
613 13 12.12435565298214 0 0 
614 12.5 12.99038105676658 0 0 
619 13 13.85640646055102 0 0 
620 12.5 14.72243186433546 0 0 
625 13 15.5884572681199 0 0 
626 12.5 16.45448267190433 0 0 
631 13 17.32050807568877 0 0 
632 12.5 18.18653347947321 0 0 
637 14.5 -4.330127018922193 0 0 
638 14 -3.464101615137754 0 0 
642 14 -5.196152422706632 0 0 
643 14.5 -2.598076211353316 0 0 
644 14 -1.732050807568877 0 0 
649 14.5 -0.8660254037844384 0 0 
650 14 2.220446049250313e-16 0 0 
655 14.5 0.8660254037844393 0 0 
656 14 1.732050807568878 0 0 
661 14.5 2.598076211353316 0 0 
662 14 3.464101615137754 0 0 
667 14.5 4.330127018922193 0 0 
668 14 5.196152422706631 0 0 
673 14.5 6.062177826491071 0 0 
674 14 6.92820323027551 0 0 
679 14.5 7.794228634059948 0 0 
680 14 8.660254037844387 0 0 
685 14.5 9.526279441628825 0 0 
686 14 10.39230484541326 0 0 
691 14.5 11.2583302491977 0 0 
692 14 12.12435565298214 0 0 
697 14.5 12.99038105676658 0 0 
698 14 13.85640646055102 0 0 
703 14.5 14.72243186433546 0 0 
704 14 15.5884572681199 0 0 
709 14.5 16.45448267190434 0 0 
710 14 17.32050807568877 0 0 
715 16 -3.464101615137754 0 0 
716 15.5 -2.598076211353316 0 0 
720 15.5 -4.330127018922194 0 0 
721 16 -1.732050807568877 0 0 
722 15.5 -0.8660254037844386 0 0 
727 16 0 0 0 
728 15.5 0.8660254037844386 0 0 
733 16 1.732050807568878 0 0 
734 15.5 2.598076211353316 0 0 
739 16 3.464101615137754 0 0 
740 15.5 4.330127018922193 0 0 
745 16 5.196152422706631 0 0 
746 15.5 6.06217782649107 0 0 
751 16 6.92820323027551 0 0 
752 15.5 7.794228634059948 0 0 
757 16 8.660254037844386 0 0 
758 15.5 9.526279441628825 0 0 
763 16 10.39230484541326 0 0 
764 15.5 11.2583302491977 0 0 
769 16 12.12435565298214 0 0 
770 15.5 12.99038105676658 0 0 
775 16 13.85640646055102 0 0 
776 15.5 14.72243186433546 0 0 
781 16 15.5884572681199 0 0 
782 15.5 16.45448267190433 0 0 
787 17.5 -2.598076211353316 0 0 
788 17 -1.732050807568877 0 0 
792 17 -3.464101615137755 0 0 
793 17.5 -0.8660254037844388 0 0 
794 17 -2.220446049250313e-16 0 0 
799 17.5 0.8660254037844384 0 0 
800 17 1.732050807568877 0 0 
805 17.5 2.598076211353316 0 0 
806 17 3.464101615137754 0 0 
811 17.5 4.330127018922193 0 0 
812 17 5.196152422706631 0 0 
817 17.5 6.06217782649107 0 0 
818 17 6.928203230275508 0 0 
823 17.5 7.794228634059948 0 0 
824 17 8.660254037844387 0 0 
829 17.5 9.526279441628825 0 0 
830 17 10.39230484541326 0 0 
835 17.5 11.2583302491977 0 0 
836 17 12.12435565298214 0 0 
841 17.5 12.99038105676658 0 0 
842 17 13.85640646055102 0 0 
847 17.5 14.72243186433546 0 0 
848 17 15.58845726811989 0 0 
853 19 -1.732050807568877 0 0 
854 18.5 -0.8660254037844388 0 0 
858 18.5 -2.598076211353316 0 0 
859 19 -2.220446049250313e-16 0 0 
860 18.5 0.8660254037844384 0 0 
865 19 1.732050807568877 0 0 
866 18.5 2.598076211353316 0 0 
871 19 3.464101615137754 0 0 
872 18.5 4.330127018922193 0 0 
877 19 5.196152422706631 0 0 
878 18.5 6.06217782649107 0 0 
883 19 6.928203230275508 0 0 
884 18.5 7.794228634059946 0 0 
889 19 8.660254037844387 0 0 
890 18.5 9.526279441628827 0 0 
895 19 10.39230484541326 0 0 
896 18.5 11.2583302491977 0 0 
901 19 12.12435565298214 0 0 
902 18.5 12.99038105676658 0 0 
907 19 13.85640646055102 0 0 
908 18.5 14.72243186433546 0 0 
913 20.5 -0.8660254037844388 0 0 
914 20 -2.220446049250313e-16 0 0 
918 20 -1.732050807568878 0 0 
919 20.5 0.8660254037844384 0 0 
920 20 1.732050807568877 0 0 
925 20.5 2.598076211353316 0 0 
926 20 3.464101615137754 0 0 
931 20.5 4.330127018922193 0 0 
932 20 5.196152422706631 0 0 
937 20.5 6.06217782649107 0 0 
938 20 6.928203230275508 0 0 
943 20.5 7.794228634059946 0 0 
944 20 8.660254037844386 0 0 
949 20.5 9.526279441628825 0 0 
950 20 10.39230484541326 0 0 
955 20.5 11.2583302491977 0 0 
956 20 12.12435565298214 0 0 
961 20.5 12.99038105676658 0 0 
962 20 13.85640646055102 0 0 
967 22 -2.220446049250313e-16 0 0 
968 21.5 0.8660254037844384 0 0 
972 21.5 -0.8660254037844393 0 0 
973 22 1.732050807568877 0 0 
974 21.5 2.598076211353316 0 0 
979 22 3.464101615137754 0 0 
980 21.5 4.330127018922193 0 0 
985 22 5.196152422706632 0 0 
986 21.5 6.06217782649107 0 0 
991 22 6.928203230275509 0 0 
992 21.5 7.794228634059947 0 0 
997 22 8.660254037844386 0 0 
998 21.5 9.526279441628825 0 0 
1003 22 10.39230484541326 0 0 
1004 21.5 11.2583302491977 0 0 
1009 22 12.12435565298214 0 0 
1010 21.5 12.99038105676658 0 0 
1015 -1.480297366166875e-16 0 0 0 
1016 -1.480297366166875e-16 1.732050807568877 0 0 
1017 -1.480297366166875e-16 3.464101615137754 0 0 
1018 -1.480297366166875e-16 5.196152422706632 0 0 
1019 -1.480297366166875e-16 6.92820323027551 0 0 
1020 -1.480297366166875e-16 8.660254037844387 0 0 
1021 -1.480297366166875e-16 10.39230484541327 0 0 
1022 -1.480297366166875e-16 12.12435565298214 0 0 
1023 1.5 -0.8660254037844387 0 0 
1024 1.5 0.8660254037844384 0 0 
1025 1.5 2.598076211353316 0 0 
1026 1.5 4.330127018922194 0 0 
1027 1.5 6.06217782649107 0 0 
1028 1.5 7.794228634059947 0 0 
1029 1.5 9.526279441628823 0 0 
1030 1.5 11.2583302491977 0 0 
1031 1.5 12.99038105676657 0 0 
1032 3 -1.732050807568877 0 0 
1033 3 0 0 0 
1034 3 1.732050807568877 0 0 
1035 3 3.464101615137755 0 0 
1036 3 5.196152422706632 0 0 
1037 3 6.92820323027551 0 0 
1038 3 8.660254037844387 0 0 
1039 3 10.39230484541327 0 0 
1040 3 12.12435565298214 0 0 
1041 3 13.85640646055102 0 0 
1042 4.5 -2.598076211353316 0 0 
1043 4.5 -0.8660254037844388 0 0 
1044 4.5 0.8660254037844384 0 0 
1045 4.5 2.598076211353316 0 0 
1046 4.5 4.330127018922192 0 0 
1047 4.5 6.06217782649107 0 0 
1048 4.5 7.794228634059948 0 0 
1049 4.5 9.526279441628823 0 0 
1050 4.5 11.2583302491977 0 0 
1051 4.5 12.99038105676657 0 0 
1052 4.5 14.72243186433546 0 0 
1053 6 -3.464101615137754 0 0 
1054 6 -1.732050807568877 0 0 
1055 6 0 0 0 
1056 6 1.732050807568878 0 0 
1057 6 3.464101615137754 0 0 
1058 6 5.196152422706631 0 0 
1059 6 6.928203230275511 0 0 
1060 6 8.660254037844387 0 0 
1061 6 10.39230484541327 0 0 
1062 6 12.12435565298214 0 0 
1063 6 13.85640646055102 0 0 
1064 6 15.5884572681199 0 0 
1065 7.5 -4.330127018922193 0 0 
1066 7.5 -2.598076211353316 0 0 
1067 7.5 -0.8660254037844384 0 0 
1068 7.5 0.8660254037844392 0 0 
1069 7.5 2.598076211353316 0 0 
1070 7.5 4.330127018922192 0 0 
1071 7.5 6.06217782649107 0 0 
1072 7.5 7.794228634059948 0 0 
1073 7.5 9.526279441628823 0 0 
1074 7.5 11.2583302491977 0 0 
1075 7.5 12.99038105676657 0 0 
1076 7.5 14.72243186433546 0 0 
1077 7.5 16.45448267190433 0 0 
1078 9 -5.196152422706631 0 0 
1079 9 -3.464101615137753 0 0 
1080 9 -1.732050807568877 0 0 
1081 9 8.881784197001252e-16 0 0 
1082 9 1.732050807568878 0 0 
1083 9 3.464101615137754 0 0 
1084 9 5.196152422706633 0 0 
1085 9 6.928203230275511 0 0 
1086 9 8.660254037844387 0 0 
1087 9 10.39230484541327 0 0 
1088 9 12.12435565298214 0 0 
1089 9 13.85640646055102 0 0 
1090 9 15.5884572681199 0 0 
1091 9 17.32050807568877 0 0 
1092 10.5 -6.06217782649107 0 0 
1093 10.5 -4.330127018922193 0 0 
1094 10.5 -2.598076211353315 0 0 
1095 10.5 -0.8660254037844375 0 0 
1096 10.5 0.8660254037844392 0 0 
1097 10.5 2.598076211353316 0 0 
1098 10.5 4.330127018922195 0 0 
1099 10.5 6.06217782649107 0 0 
1100 10.5 7.794228634059948 0 0 
1101 10.5 9.526279441628823 0 0 
1102 10.5 11.2583302491977 0 0 
1103 10.5 12.99038105676658 0 0 
1104 10.5 14.72243186433546 0 0 
1105 10.5 16.45448267190433 0 0 
1106 10.5 18.18653347947321 0 0 
1107 12 -5.196152422706631 0 0 
1108 12 -3.464101615137753 0 0 
1109 12 -1.732050807568877 0 0 
1110 12 8.881784197001252e-16 0 0 
1111 12 1.732050807568878 0 0 
1112 12 3.464101615137754 0 0 
1113 12 5.196152422706633 0 0 
1114 12 6.928203230275511 0 0 
1115 12 8.660254037844387 0 0 
1116 12 10.39230484541327 0 0 
1117 12 12.12435565298214 0 0 
1118 12 13.85640646055102 0 0 
1119 12 15.5884572681199 0 0 
1120 12 17.32050807568877 0 0 
1121 13.5 -4.330127018922193 0 0 
1122 13.5 -2.598076211353316 0 0 
1123 13.5 -0.8660254037844384 0 0 
1124 13.5 0.8660254037844392 0 0 
1125 13.5 2.598076211353316 0 0 
1126 13.5 4.330127018922192 0 0 
1127 13.5 6.06217782649107 0 0 
1128 13.5 7.794228634059948 0 0 
1129 13.5 9.526279441628823 0 0 
1130 13.5 11.2583302491977 0 0 
1131 13.5 12.99038105676657 0 0 
1132 13.5 14.72243186433546 0 0 
1133 13.5 16.45448267190433 0 0 
1134 15 -3.464101615137754 0 0 
1135 15 -1.732050807568877 0 0 
1136 15 0 0 0 
1137 15 1.732050807568878 0 0 
1138 15 3.464101615137754 0 0 
1139 15 5.196152422706631 0 0 
1140 15 6.928203230275511 0 0 
1141 15 8.660254037844387 0 0 
1142 15 10.39230484541327 0 0 
1143 15 12.12435565298214 0 0 
1144 15 13.85640646055102 0 0 
1145 15 15.5884572681199 0 0 
1146 16.5 -2.598076211353316 0 0 
1147 16.5 -0.8660254037844388 0 0 
1148 16.5 0.8660254037844384 0 0 
1149 16.5 2.598076211353316 0 0 
1150 16.5 4.330127018922192 0 0 
1151 16.5 6.06217782649107 0 0 
1152 16.5 7.794228634059948 0 0 
1153 16.5 9.526279441628823 0 0 
1154 16.5 11.2583302491977 0 0 
1155 16.5 12.99038105676657 0 0 
1156 16.5 14.72243186433546 0 0 
1157 18 -1.732050807568877 0 0 
1158 18 -1.850371707708594e-16 0 0 
1159 18 1.732050807568877 0 0 
1160 18 3.464101615137754 0 0 
1161 18 5.196152422706631 0 0 
1162 18 6.928203230275507 0 0 
1163 18 8.660254037844387 0 0 
1164 18 10.39230484541327 0 0 
1165 18 12.12435565298214 0 0 
1166 18 13.85640646055102 0 0 
1167 19.5 -0.8660254037844388 0 0 
1168 19.5 0.8660254037844384 0 0 
1169 19.5 2.598076211353316 0 0 
1170 19.5 4.330127018922192 0 0 
1171 19.5 6.06217782649107 0 0 
1172 19.5 7.794228634059945 0 0 
1173 19.5 9.526279441628823 0 0 
1174 19.5 11.2583302491977 0 0 
1175 19.5 12.99038105676657 0 0 
1176 21 -1.850371707708594e-16 0 0 
1177 21 1.732050807568877 0 0 
1178 21 3.464101615137754 0 0 
1179 21 5.196152422706632 0 0 
1180 21 6.92820323027551 0 0 
1181 21 8.660254037844387 0 0 
1182 21 10.39230484541327 0 0 
1183 21 12.12435565298214 0 0 
1 0.5000000000000001 0 0 1 0.8660254037844386 0 2 2 -2 2 1 -2 
2 -0.4999999999999999 0.8660254037844386 0 0.5000000000000001 0.8660254037844387 0 2 2 -2 2 2 -3 
3 -1 1.110223024625157e-16 0 -0.4999999999999998 0.8660254037844387 0 1 2 2 3 -4 
4 -1 -0.8660254037844384 0 -0.5000000000000004 1.110223024625157e-16 0 1 2 2 4 -5 
5 -0.5000000000000004 -0.866025403784439 0 0.4999999999999993 -0.8660254037844384 0 1 2 2 5 -6 
6 0.4999999999999993 -0.866025403784439 0 1 0 0 2 2 -2 2 6 -1 
7 0.5000000000000001 1.732050807568877 0 1 2.598076211353316 0 2 2 -2 2 7 -8 
8 -0.4999999999999999 2.598076211353316 0 0.5000000000000001 2.598076211353316 0 2 2 -2 2 8 -9 
9 -1 1.732050807568877 0 -0.4999999999999998 2.598076211353316 0 1 2 2 9 -10 
10 -1 0.8660254037844387 0 -0.4999999999999998 1.732050807568877 0 1 2 2 10 -3 
12 0.5000000000000001 0.8660254037844386 0 1 1.732050807568877 0 2 2 -2 2 2 -7 
13 0.5000000000000001 3.464101615137754 0 1 4.330127018922193 0 2 2 -2 2 13 -14 
14 -0.4999999999999999 4.330127018922193 0 0.5000000000000001 4.330127018922193 0 2 2 -2 2 14 -15 
15 -1 3.464101615137754 0 -0.4999999999999998 4.330127018922193 0 1 2 2 15 -16 
16 -1 2.598076211353316 0 -0.4999999999999998 3.464101615137754 0 1 2 2 16 -9 
18 0.5000000000000001 2.598076211353316 0 1 3.464101615137754 0 2 2 -2 2 8 -13 
19 0.5000000000000001 5.196152422706632 0 1 6.06217782649107 0 2 2 -2 2 19 -20 
20 -0.4999999999999999 6.06217782649107 0 0.5000000000000001 6.06217782649107 0 2 2 -2 2 20 -21 
21 -1 5.196152422706632 0 -0.4999999999999998 6.06217782649107 0 1 2 2 21 -22 
22 -1 4.330127018922193 0 -0.4999999999999998 5.196152422706632 0 1 2 2 22 -15 
24 0.5000000000000001 4.330127018922193 0 1 5.196152422706632 0 2 2 -2 2 14 -19 
25 0.5000000000000001 6.928203230275509 0 1 7.794228634059947 0 2 2 -2 2 25 -26 
26 -0.4999999999999999 7.794228634059947 0 0.5000000000000001 7.794228634059947 0 2 2 -2 2 26 -27 
27 -1 6.928203230275509 0 -0.4999999999999998 7.794228634059947 0 1 2 2 27 -28 
28 -1 6.06217782649107 0 -0.4999999999999998 6.928203230275509 0 1 2 2 28 -21 
30 0.5000000000000001 6.06217782649107 0 1 6.928203230275509 0 2 2 -2 2 20 -25 
31 0.5000000000000001 8.660254037844386 0 1 9.526279441628825 0 2 2 -2 2 31 -32 
32 -0.4999999999999999 9.526279441628825 0 0.5000000000000001 9.526279441628825 0 2 2 -2 2 32 -33 
33 -1 8.660254037844386 0 -0.4999999999999998 9.526279441628825 0 1 2 2 33 -34 
34 -1 7.794228634059947 0 -0.4999999999999998 8.660254037844386 0 1 2 2 34 -27 
36 0.5000000000000001 7.794228634059947 0 1 8.660254037844386 0 2 2 -2 2 26 -31 
37 0.5000000000000001 10.39230484541326 0 1 11.2583302491977 0 2 2 -2 2 37 -38 
38 -0.4999999999999999 11.2583302491977 0 0.5000000000000001 11.2583302491977 0 2 2 -2 2 38 -39 
39 -1 10.39230484541326 0 -0.4999999999999998 11.2583302491977 0 1 2 2 39 -40 
40 -1 9.526279441628825 0 -0.4999999999999998 10.39230484541326 0 1 2 2 40 -33 
42 0.5000000000000001 9.526279441628825 0 1 10.39230484541326 0 2 2 -2 2 32 -37 
43 0.5000000000000001 12.12435565298214 0 1 12.99038105676658 0 2 2 -2 2 43 -44 
44 -0.4999999999999999 12.99038105676658 0 0.5000000000000001 12.99038105676658 0 1 2 2 44 -45 
45 -1 12.12435565298214 0 -0.4999999999999998 12.99038105676658 0 1 2 2 45 -46 
46 -1 11.2583302491977 0 -0.4999999999999998 12.12435565298214 0 1 2 2 46 -39 
48 0.5000000000000001 11.2583302491977 0 1 12.12435565298214 0 2 2 -2 2 38 -43 
49 2 -0.8660254037844386 0 2.5 0 0 2 2 -2 2 49 -50 
50 1 0 0 2 0 0 2 2 -2 2 50 -1 
52 0.4999999999999993 -1.732050807568877 0 0.9999999999999996 -0.866025403784439 0 1 2 2 6 -53 
53 0.9999999999999996 -1.732050807568878 0 1.999999999999999 -1.732050807568877 0 1 2 2 53 -54 
54 1.999999999999999 -1.732050807568878 0 2.5 -0.8660254037844386 0 2 2 -2 2 54 -49 
55 2 0.8660254037844386 0 2.5 1.732050807568877 0 2 2 -2 2 55 -56 
56 1 1.732050807568877 0 2 1.732050807568877 0 2 2 -2 2 56 -7 
60 2 0 0 2.5 0.8660254037844386 0 2 2 -2 2 50 -55 
61 2 2.598076211353316 0 2.5 3.464101615137754 0 2 2 -2 2 61 -62 
62 1 3.464101615137754 0 2 3.464101615137754 0 2 2 -2 2 62 -13 
66 2 1.732050807568877 0 2.5 2.598076211353316 0 2 2 -2 2 56 -61 
67 2 4.330127018922194 0 2.5 5.196152422706632 0 2 2 -2 2 67 -68 
68 1 5.196152422706632 0 2 5.196152422706632 0 2 2 -2 2 68 -19 
72 2 3.464101615137754 0 2.5 4.330127018922194 0 2 2 -2 2 62 -67 
73 2 6.06217782649107 0 2.5 6.928203230275509 0 2 2 -2 2 73 -74 
74 1 6.928203230275509 0 2 6.928203230275509 0 2 2 -2 2 74 -25 
78 2 5.196152422706632 0 2.5 6.06217782649107 0 2 2 -2 2 68 -73 
79 2 7.794228634059947 0 2.5 8.660254037844386 0 2 2 -2 2 79 -80 
80 1 8.660254037844386 0 2 8.660254037844386 0 2 2 -2 2 80 -31 
84 2 6.928203230275509 0 2.5 7.794228634059947 0 2 2 -2 2 74 -79 
85 2 9.526279441628825 0 2.5 10.39230484541326 0 2 2 -2 2 85 -86 
86 1 10.39230484541326 0 2 10.39230484541326 0 2 2 -2 2 86 -37 
90 2 8.660254037844386 0 2.5 9.526279441628825 0 2 2 -2 2 80 -85 
91 2 11.2583302491977 0 2.5 12.12435565298214 0 2 2 -2 2 91 -92 
92 1 12.12435565298214 0 2 12.12435565298214 0 2 2 -2 2 92 -43 
96 2 10.39230484541326 0 2.5 11.2583302491977 0 2 2 -2 2 86 -91 
97 2 12.99038105676658 0 2.5 13.85640646055102 0 2 2 -2 2 97 -98 
98 1 13.85640646055102 0 2 13.85640646055102 0 1 2 2 98 -99 
99 0.5000000000000001 12.99038105676658 0 1 13.85640646055102 0 1 2 2 99 -44 
102 2 12.12435565298214 0 2.5 12.99038105676658 0 2 2 -2 2 92 -97 
103 3.5 -1.732050807568877 0 4 -0.8660254037844386 0 2 2 -2 2 103 -104 
104 2.5 -0.8660254037844386 0 3.5 -0.8660254037844386 0 2 2 -2 2 104 -49 
106 1.999999999999999 -2.598076211353316 0 2.5 -1.732050807568878 0 1 2 2 54 -107 
107 2.5 -2.598076211353316 0 3.499999999999999 -2.598076211353316 0 1 2 2 107 -108 
108 3.499999999999999 -2.598076211353316 0 4 -1.732050807568877 0 2 2 -2 2 108 -103 
109 3.5 0 0 4 0.8660254037844386 0 2 2 -2 2 109 -110 
110 2.5 0.8660254037844386 0 3.5 0.8660254037844386 0 2 2 -2 2 110 -55 
114 3.5 -0.8660254037844386 0 4 0 0 2 2 -2 2 104 -109 
115 3.5 1.732050807568877 0 4 2.598076211353316 0 2 2 -2 2 115 -116 
116 2.5 2.598076211353316 0 3.5 2.598076211353316 0 2 2 -2 2 116 -61 
120 3.5 0.8660254037844386 0 4 1.732050807568877 0 2 2 -2 2 110 -115 
121 3.5 3.464101615137755 0 4 4.330127018922194 0 2 2 -2 2 121 -122 
122 2.5 4.330127018922194 0 3.5 4.330127018922194 0 2 2 -2 2 122 -67 
126 3.5 2.598076211353316 0 4 3.464101615137755 0 2 2 -2 2 116 -121 
127 3.5 5.196152422706632 0 4 6.06217782649107 0 2 2 -2 2 127 -128 
128 2.5 6.06217782649107 0 3.5 6.06217782649107 0 2 2 -2 2 128 -73 
132 3.5 4.330127018922194 0 4 5.196152422706632 0 2 2 -2 2 122 -127 
133 3.5 6.928203230275509 0 4 7.794228634059947 0 2 2 -2 2 133 -134 
134 2.5 7.794228634059947 0 3.5 7.794228634059947 0 2 2 -2 2 134 -79 
138 3.5 6.06217782649107 0 4 6.928203230275509 0 2 2 -2 2 128 -133 
139 3.5 8.660254037844387 0 4 9.526279441628827 0 2 2 -2 2 139 -140 
140 2.5 9.526279441628825 0 3.5 9.526279441628827 0 2 2 -2 2 140 -85 
144 3.5 7.794228634059947 0 4 8.660254037844387 0 2 2 -2 2 134 -139 
145 3.5 10.39230484541326 0 4 11.2583302491977 0 2 2 -2 2 145 -146 
146 2.5 11.2583302491977 0 3.5 11.2583302491977 0 2 2 -2 2 146 -91 
150 3.5 9.526279441628827 0 4 10.39230484541326 0 2 2 -2 2 140 -145 
151 3.5 12.12435565298214 0 4 12.99038105676658 0 2 2 -2 2 151 -152 
152 2.5 12.99038105676658 0 3.5 12.99038105676658 0 2 2 -2 2 152 -97 
156 3.5 11.2583302491977 0 4 12.12435565298214 0 2 2 -2 2 146 -151 
157 3.5 13.85640646055102 0 4 14.72243186433546 0 2 2 -2 2 157 -158 
158 2.5 14.72243186433546 0 3.5 14.72243186433546 0 1 2 2 158 -159 
159 2 13.85640646055102 0 2.5 14.72243186433546 0 1 2 2 159 -98 
162 3.5 12.99038105676658 0 4 13.85640646055102 0 2 2 -2 2 152 -157 
163 5 -2.598076211353316 0 5.5 -1.732050807568877 0 2 2 -2 2 163 -164 
164 4 -1.732050807568877 0 5 -1.732050807568877 0 2 2 -2 2 164 -103 
166 3.499999999999999 -3.464101615137754 0 4 -2.598076211353316 0 1 2 2 108 -167 
167 4 -3.464101615137755 0 4.999999999999999 -3.464101615137754 0 1 2 2 167 -168 
168 4.999999999999999 -3.464101615137755 0 5.5 -2.598076211353316 0 2 2 -2 2 168 -163 
169 5 -0.8660254037844388 0 5.5 -2.220446049250313e-16 0 2 2 -2 2 169 -170 
170 4 -2.220446049250313e-16 0 5 0 0 2 2 -2 2 170 -109 
174 5 -1.732050807568877 0 5.5 -0.8660254037844388 0 2 2 -2 2 164 -169 
175 5 0.8660254037844384 0 5.5 1.732050807568877 0 2 2 -2 2 175 -176 
176 4 1.732050807568877 0 5 1.732050807568877 0 2 2 -2 2 176 -115 
180 5 -2.220446049250313e-16 0 5.5 0.8660254037844384 0 2 2 -2 2 170 -175 
181 5 2.598076211353316 0 5.5 3.464101615137754 0 2 2 -2 2 181 -182 
182 4 3.464101615137754 0 5 3.464101615137755 0 2 2 -2 2 182 -121 
186 5 1.732050807568877 0 5.5 2.598076211353316 0 2 2 -2 2 176 -181 
187 5 4.330127018922193 0 5.5 5.196152422706631 0 2 2 -2 2 187 -188 
188 4 5.196152422706631 0 5 5.196152422706632 0 2 2 -2 2 188 -127 
192 5 3.464101615137754 0 5.5 4.330127018922193 0 2 2 -2 2 182 -187 
193 5 6.06217782649107 0 5.5 6.928203230275508 0 2 2 -2 2 193 -194 
194 4 6.928203230275508 0 5 6.928203230275509 0 2 2 -2 2 194 -133 
198 5 5.196152422706631 0 5.5 6.06217782649107 0 2 2 -2 2 188 -193 
199 5 7.794228634059948 0 5.5 8.660254037844387 0 2 2 -2 2 199 -200 
200 4 8.660254037844387 0 5 8.660254037844387 0 2 2 -2 2 200 -139 
204 5 6.928203230275508 0 5.5 7.794228634059948 0 2 2 -2 2 194 -199 
205 5 9.526279441628825 0 5.5 10.39230484541326 0 2 2 -2 2 205 -206 
206 4 10.39230484541326 0 5 10.39230484541326 0 2 2 -2 2 206 -145 
210 5 8.660254037844387 0 5.5 9.526279441628825 0 2 2 -2 2 200 -205 
211 5 11.2583302491977 0 5.5 12.12435565298214 0 2 2 -2 2 211 -212 
212 4 12.12435565298214 0 5 12.12435565298214 0 2 2 -2 2 212 -151 
216 5 10.39230484541326 0 5.5 11.2583302491977 0 2 2 -2 2 206 -211 
217 5 12.99038105676658 0 5.5 13.85640646055102 0 2 2 -2 2 217 -218 
218 4 13.85640646055102 0 5 13.85640646055102 0 2 2 -2 2 218 -157 
222 5 12.12435565298214 0 5.5 12.99038105676658 0 2 2 -2 2 212 -217 
223 5 14.72243186433546 0 5.5 15.58845726811989 0 2 2 -2 2 223 -224 
224 4 15.58845726811989 0 5 15.58845726811989 0 1 2 2 224 -225 
225 3.5 14.72243186433546 0 4 15.58845726811989 0 1 2 2 225 -158 
228 5 13.85640646055102 0 5.5 14.72243186433546 0 2 2 -2 2 218 -223 
229 6.5 -3.464101615137754 0 7 -2.598076211353316 0 2 2 -2 2 229 -230 
230 5.5 -2.598076211353316 0 6.5 -2.598076211353316 0 2 2 -2 2 230 -163 
232 4.999999999999999 -4.330127018922193 0 5.5 -3.464101615137755 0 1 2 2 168 -233 
233 5.5 -4.330127018922194 0 6.499999999999999 -4.330127018922193 0 1 2 2 233 -234 
234 6.499999999999999 -4.330127018922194 0 7 -3.464101615137754 0 2 2 -2 2 234 -229 
235 6.5 -1.732050807568877 0 7 -0.8660254037844386 0 2 2 -2 2 235 -236 
236 5.5 -0.8660254037844388 0 6.5 -0.8660254037844386 0 2 2 -2 2 236 -169 
240 6.5 -2.598076211353316 0 7 -1.732050807568877 0 2 2 -2 2 230 -235 
241 6.5 0 0 7 0.8660254037844386 0 2 2 -2 2 241 -242 
242 5.5 0.8660254037844384 0 6.5 0.8660254037844386 0 2 2 -2 2 242 -175 
246 6.5 -0.8660254037844386 0 7 0 0 2 2 -2 2 236 -241 
247 6.5 1.732050807568878 0 7 2.598076211353316 0 2 2 -2 2 247 -248 
248 5.5 2.598076211353316 0 6.5 2.598076211353316 0 2 2 -2 2 248 -181 
252 6.5 0.8660254037844386 0 7 1.732050807568878 0 2 2 -2 2 242 -247 
253 6.5 3.464101615137754 0 7 4.330127018922193 0 2 2 -2 2 253 -254 
254 5.5 4.330127018922193 0 6.5 4.330127018922193 0 2 2 -2 2 254 -187 
258 6.5 2.598076211353316 0 7 3.464101615137754 0 2 2 -2 2 248 -253 
259 6.5 5.196152422706631 0 7 6.06217782649107 0 2 2 -2 2 259 -260 
260 5.5 6.06217782649107 0 6.5 6.06217782649107 0 2 2 -2 2 260 -193 
264 6.5 4.330127018922193 0 7 5.196152422706631 0 2 2 -2 2 254 -259 
265 6.5 6.92820323027551 0 7 7.794228634059948 0 2 2 -2 2 265 -266 
266 5.5 7.794228634059948 0 6.5 7.794228634059948 0 2 2 -2 2 266 -199 
270 6.5 6.06217782649107 0 7 6.92820323027551 0 2 2 -2 2 260 -265 
271 6.5 8.660254037844386 0 7 9.526279441628825 0 2 2 -2 2 271 -272 
272 5.5 9.526279441628825 0 6.5 9.526279441628825 0 2 2 -2 2 272 -205 
276 6.5 7.794228634059948 0 7 8.660254037844386 0 2 2 -2 2 266 -271 
277 6.5 10.39230484541326 0 7 11.2583302491977 0 2 2 -2 2 277 -278 
278 5.5 11.2583302491977 0 6.5 11.2583302491977 0 2 2 -2 2 278 -211 
282 6.5 9.526279441628825 0 7 10.39230484541326 0 2 2 -2 2 272 -277 
283 6.5 12.12435565298214 0 7 12.99038105676658 0 2 2 -2 2 283 -284 
284 5.5 12.99038105676658 0 6.5 12.99038105676658 0 2 2 -2 2 284 -217 
288 6.5 11.2583302491977 0 7 12.12435565298214 0 2 2 -2 2 278 -283 
289 6.5 13.85640646055102 0 7 14.72243186433546 0 2 2 -2 2 289 -290 
290 5.5 14.72243186433546 0 6.5 14.72243186433546 0 2 2 -2 2 290 -223 
294 6.5 12.99038105676658 0 7 13.85640646055102 0 2 2 -2 2 284 -289 
295 6.5 15.5884572681199 0 7 16.45448267190433 0 2 2 -2 2 295 -296 
296 5.5 16.45448267190433 0 6.5 16.45448267190433 0 1 2 2 296 -297 
297 5 15.58845726811989 0 5.5 16.45448267190433 0 1 2 2 297 -224 
300 6.5 14.72243186433546 0 7 15.5884572681199 0 2 2 -2 2 290 -295 
301 8 -4.330127018922193 0 8.5 -3.464101615137754 0 2 2 -2 2 301 -302 
302 7 -3.464101615137754 0 8 -3.464101615137754 0 2 2 -2 2 302 -229 
304 6.499999999999999 -5.196152422706631 0 7 -4.330127018922194 0 1 2 2 234 -305 
305 7 -5.196152422706632 0 7.999999999999999 -5.196152422706631 0 1 2 2 305 -306 
306 7.999999999999999 -5.196152422706632 0 8.5 -4.330127018922193 0 2 2 -2 2 306 -301 
307 8 -2.598076211353316 0 8.5 -1.732050807568877 0 2 2 -2 2 307 -308 
308 7 -1.732050807568877 0 8 -1.732050807568877 0 2 2 -2 2 308 -235 
312 8 -3.464101615137754 0 8.5 -2.598076211353316 0 2 2 -2 2 302 -307 
313 8 -0.8660254037844384 0 8.5 2.220446049250313e-16 0 2 2 -2 2 313 -314 
314 7 0 0 8 2.220446049250313e-16 0 2 2 -2 2 314 -241 
318 8 -1.732050807568877 0 8.5 -0.8660254037844384 0 2 2 -2 2 308 -313 
319 8 0.8660254037844393 0 8.5 1.732050807568878 0 2 2 -2 2 319 -320 
320 7 1.732050807568878 0 8 1.732050807568878 0 2 2 -2 2 320 -247 
324 8 2.220446049250313e-16 0 8.5 0.8660254037844393 0 2 2 -2 2 314 -319 
325 8 2.598076211353316 0 8.5 3.464101615137754 0 2 2 -2 2 325 -326 
326 7 3.464101615137754 0 8 3.464101615137754 0 2 2 -2 2 326 -253 
330 8 1.732050807568878 0 8.5 2.598076211353316 0 2 2 -2 2 320 -325 
331 8 4.330127018922193 0 8.5 5.196152422706631 0 2 2 -2 2 331 -332 
332 7 5.196152422706631 0 8 5.196152422706631 0 2 2 -2 2 332 -259 
336 8 3.464101615137754 0 8.5 4.330127018922193 0 2 2 -2 2 326 -331 
337 8 6.062177826491071 0 8.5 6.92820323027551 0 2 2 -2 2 337 -338 
338 7 6.92820323027551 0 8 6.92820323027551 0 2 2 -2 2 338 -265 
342 8 5.196152422706631 0 8.5 6.062177826491071 0 2 2 -2 2 332 -337 
343 8 7.794228634059948 0 8.5 8.660254037844387 0 2 2 -2 2 343 -344 
344 7 8.660254037844386 0 8 8.660254037844387 0 2 2 -2 2 344 -271 
348 8 6.92820323027551 0 8.5 7.794228634059948 0 2 2 -2 2 338 -343 
349 8 9.526279441628825 0 8.5 10.39230484541326 0 2 2 -2 2 349 -350 
350 7 10.39230484541326 0 8 10.39230484541326 0 2 2 -2 2 350 -277 
354 8 8.660254037844387 0 8.5 9.526279441628825 0 2 2 -2 2 344 -349 
355 8 11.2583302491977 0 8.5 12.12435565298214 0 2 2 -2 2 355 -356 
356 7 12.12435565298214 0 8 12.12435565298214 0 2 2 -2 2 356 -283 
360 8 10.39230484541326 0 8.5 11.2583302491977 0 2 2 -2 2 350 -355 
361 8 12.99038105676658 0 8.5 13.85640646055102 0 2 2 -2 2 361 -362 
362 7 13.85640646055102 0 8 13.85640646055102 0 2 2 -2 2 362 -289 
366 8 12.12435565298214 0 8.5 12.99038105676658 0 2 2 -2 2 356 -361 
367 8 14.72243186433546 0 8.5 15.5884572681199 0 2 2 -2 2 367 -368 
368 7 15.5884572681199 0 8 15.5884572681199 0 2 2 -2 2 368 -295 
372 8 13.85640646055102 0 8.5 14.72243186433546 0 2 2 -2 2 362 -367 
373 8 16.45448267190434 0 8.5 17.32050807568877 0 2 2 -2 2 373 -374 
374 7 17.32050807568877 0 8 17.32050807568877 0 1 2 2 374 -375 
375 6.5 16.45448267190433 0 7 17.32050807568877 0 1 2 2 375 -296 
378 8 15.5884572681199 0 8.5 16.45448267190434 0 2 2 -2 2 368 -373 
379 9.5 -5.196152422706631 0 10 -4.330127018922193 0 2 2 -2 2 379 -380 
380 8.5 -4.330127018922193 0 9.5 -4.330127018922193 0 2 2 -2 2 380 -301 
382 7.999999999999999 -6.06217782649107 0 8.5 -5.196152422706632 0 1 2 2 306 -383 
383 8.5 -6.06217782649107 0 9.5 -6.06217782649107 0 1 2 2 383 -384 
384 9.5 -6.06217782649107 0 10 -5.196152422706631 0 2 2 -2 2 384 -379 
385 9.5 -3.464101615137754 0 10 -2.598076211353315 0 2 2 -2 2 385 -386 
386 8.5 -2.598076211353316 0 9.5 -2.598076211353315 0 2 2 -2 2 386 -307 
390 9.5 -4.330127018922193 0 10 -3.464101615137754 0 2 2 -2 2 380 -385 
391 9.5 -1.732050807568877 0 10 -0.8660254037844382 0 2 2 -2 2 391 -392 
392 8.5 -0.8660254037844384 0 9.5 -0.8660254037844382 0 2 2 -2 2 392 -313 
396 9.5 -2.598076211353315 0 10 -1.732050807568877 0 2 2 -2 2 386 -391 
397 9.5 8.881784197001252e-16 0 10 0.8660254037844395 0 2 2 -2 2 397 -398 
398 8.5 0.8660254037844393 0 9.5 0.8660254037844395 0 2 2 -2 2 398 -319 
402 9.5 -0.8660254037844382 0 10 8.881784197001252e-16 0 2 2 -2 2 392 -397 
403 9.5 1.732050807568878 0 10 2.598076211353316 0 2 2 -2 2 403 -404 
404 8.5 2.598076211353316 0 9.5 2.598076211353316 0 2 2 -2 2 404 -325 
408 9.5 0.8660254037844395 0 10 1.732050807568878 0 2 2 -2 2 398 -403 
409 9.5 3.464101615137754 0 10 4.330127018922193 0 2 2 -2 2 409 -410 
410 8.5 4.330127018922193 0 9.5 4.330127018922193 0 2 2 -2 2 410 -331 
414 9.5 2.598076211353316 0 10 3.464101615137754 0 2 2 -2 2 404 -409 
415 9.5 5.196152422706633 0 10 6.062177826491071 0 2 2 -2 2 415 -416 
416 8.5 6.062177826491071 0 9.5 6.062177826491071 0 2 2 -2 2 416 -337 
420 9.5 4.330127018922193 0 10 5.196152422706633 0 2 2 -2 2 410 -415 
421 9.5 6.92820323027551 0 10 7.794228634059948 0 2 2 -2 2 421 -422 
422 8.5 7.794228634059948 0 9.5 7.794228634059948 0 2 2 -2 2 422 -343 
426 9.5 6.062177826491071 0 10 6.92820323027551 0 2 2 -2 2 416 -421 
427 9.5 8.660254037844386 0 10 9.526279441628825 0 2 2 -2 2 427 -428 
428 8.5 9.526279441628825 0 9.5 9.526279441628825 0 2 2 -2 2 428 -349 
432 9.5 7.794228634059948 0 10 8.660254037844386 0 2 2 -2 2 422 -427 
433 9.5 10.39230484541326 0 10 11.2583302491977 0 2 2 -2 2 433 -434 
434 8.5 11.2583302491977 0 9.5 11.2583302491977 0 2 2 -2 2 434 -355 
438 9.5 9.526279441628825 0 10 10.39230484541326 0 2 2 -2 2 428 -433 
439 9.5 12.12435565298214 0 10 12.99038105676658 0 2 2 -2 2 439 -440 
440 8.5 12.99038105676658 0 9.5 12.99038105676658 0 2 2 -2 2 440 -361 
444 9.5 11.2583302491977 0 10 12.12435565298214 0 2 2 -2 2 434 -439 
445 9.5 13.85640646055102 0 10 14.72243186433546 0 2 2 -2 2 445 -446 
446 8.5 14.72243186433546 0 9.5 14.72243186433546 0 2 2 -2 2 446 -367 
450 9.5 12.99038105676658 0 10 13.85640646055102 0 2 2 -2 2 440 -445 
451 9.5 15.5884572681199 0 10 16.45448267190433 0 2 2 -2 2 451 -452 
452 8.5 16.45448267190433 0 9.5 16.45448267190434 0 2 2 -2 2 452 -373 
456 9.5 14.72243186433546 0 10 15.5884572681199 0 2 2 -2 2 446 -451 
457 9.5 17.32050807568877 0 10 18.18653347947321 0 2 2 -2 2 457 -458 
458 8.5 18.18653347947321 0 9.5 18.18653347947321 0 1 2 2 458 -459 
459 8 17.32050807568877 0 8.5 18.18653347947321 0 1 2 2 459 -374 
462 9.5 16.45448267190433 0 10 17.32050807568877 0 2 2 -2 2 452 -457 
463 11 -6.06217782649107 0 11.5 -5.196152422706631 0 2 2 -2 2 463 -464 
464 10 -5.196152422706631 0 11 -5.196152422706631 0 2 2 -2 2 464 -379 
466 9.5 -6.928203230275508 0 10 -6.06217782649107 0 1 2 2 384 -467 
467 10 -6.928203230275509 0 11 -6.928203230275508 0 1 2 2 467 -468 
468 11 -6.928203230275509 0 11.5 -6.06217782649107 0 1 2 2 468 -463 
469 11 -4.330127018922193 0 11.5 -3.464101615137754 0 2 2 -2 2 469 -470 
470 10 -3.464101615137754 0 11 -3.464101615137754 0 2 2 -2 2 470 -385 
474 11 -5.196152422706631 0 11.5 -4.330127018922193 0 2 2 -2 2 464 -469 
475 11 -2.598076211353315 0 11.5 -1.732050807568877 0 2 2 -2 2 475 -476 
476 10 -1.732050807568877 0 11 -1.732050807568877 0 2 2 -2 2 476 -391 
480 11 -3.464101615137754 0 11.5 -2.598076211353315 0 2 2 -2 2 470 -475 
481 11 -0.8660254037844375 0 11.5 1.110223024625157e-15 0 2 2 -2 2 481 -482 
482 10 8.881784197001252e-16 0 11 1.110223024625157e-15 0 2 2 -2 2 482 -397 
486 11 -1.732050807568877 0 11.5 -0.8660254037844375 0 2 2 -2 2 476 -481 
487 11 0.8660254037844393 0 11.5 1.732050807568878 0 2 2 -2 2 487 -488 
488 10 1.732050807568878 0 11 1.732050807568878 0 2 2 -2 2 488 -403 
492 11 1.110223024625157e-15 0 11.5 0.8660254037844393 0 2 2 -2 2 482 -487 
493 11 2.598076211353316 0 11.5 3.464101615137754 0 2 2 -2 2 493 -494 
494 10 3.464101615137754 0 11 3.464101615137754 0 2 2 -2 2 494 -409 
498 11 1.732050807568878 0 11.5 2.598076211353316 0 2 2 -2 2 488 -493 
499 11 4.330127018922195 0 11.5 5.196152422706633 0 2 2 -2 2 499 -500 
500 10 5.196152422706633 0 11 5.196152422706633 0 2 2 -2 2 500 -415 
504 11 3.464101615137754 0 11.5 4.330127018922195 0 2 2 -2 2 494 -499 
505 11 6.062177826491071 0 11.5 6.92820323027551 0 2 2 -2 2 505 -506 
506 10 6.92820323027551 0 11 6.92820323027551 0 2 2 -2 2 506 -421 
510 11 5.196152422706633 0 11.5 6.062177826491071 0 2 2 -2 2 500 -505 
511 11 7.794228634059948 0 11.5 8.660254037844387 0 2 2 -2 2 511 -512 
512 10 8.660254037844386 0 11 8.660254037844387 0 2 2 -2 2 512 -427 
516 11 6.92820323027551 0 11.5 7.794228634059948 0 2 2 -2 2 506 -511 
517 11 9.526279441628825 0 11.5 10.39230484541326 0 2 2 -2 2 517 -518 
518 10 10.39230484541326 0 11 10.39230484541326 0 2 2 -2 2 518 -433 
522 11 8.660254037844387 0 11.5 9.526279441628825 0 2 2 -2 2 512 -517 
523 11 11.2583302491977 0 11.5 12.12435565298214 0 2 2 -2 2 523 -524 
524 10 12.12435565298214 0 11 12.12435565298214 0 2 2 -2 2 524 -439 
528 11 10.39230484541326 0 11.5 11.2583302491977 0 2 2 -2 2 518 -523 
529 11 12.99038105676658 0 11.5 13.85640646055102 0 2 2 -2 2 529 -530 
530 10 13.85640646055102 0 11 13.85640646055102 0 2 2 -2 2 530 -445 
534 11 12.12435565298214 0 11.5 12.99038105676658 0 2 2 -2 2 524 -529 
535 11 14.72243186433546 0 11.5 15.5884572681199 0 2 2 -2 2 535 -536 
536 10 15.5884572681199 0 11 15.5884572681199 0 2 2 -2 2 536 -451 
540 11 13.85640646055102 0 11.5 14.72243186433546 0 2 2 -2 2 530 -535 
541 11 16.45448267190433 0 11.5 17.32050807568877 0 2 2 -2 2 541 -542 
542 10 17.32050807568877 0 11 17.32050807568877 0 2 2 -2 2 542 -457 
546 11 15.5884572681199 0 11.5 16.45448267190433 0 2 2 -2 2 536 -541 
547 11 18.18653347947321 0 11.5 19.05255888325765 0 1 2 2 547 -548 
548 10 19.05255888325765 0 11 19.05255888325765 0 1 2 2 548 -549 
549 9.5 18.18653347947321 0 10 19.05255888325765 0 1 2 2 549 -458 
552 11 17.32050807568877 0 11.5 18.18653347947321 0 2 2 -2 2 542 -547 
553 12.5 -5.196152422706631 0 13 -4.330127018922193 0 2 2 -2 2 553 -554 
554 11.5 -4.330127018922193 0 12.5 -4.330127018922193 0 2 2 -2 2 554 -469 
557 11.5 -6.06217782649107 0 12.5 -6.06217782649107 0 1 2 2 463 -558 
558 12.5 -6.06217782649107 0 13 -5.196152422706631 0 1 2 2 558 -553 
559 12.5 -3.464101615137754 0 13 -2.598076211353315 0 2 2 -2 2 559 -560 
560 11.5 -2.598076211353315 0 12.5 -2.598076211353315 0 2 2 -2 2 560 -475 
564 12.5 -4.330127018922193 0 13 -3.464101615137754 0 2 2 -2 2 554 -559 
565 12.5 -1.732050807568877 0 13 -0.8660254037844382 0 2 2 -2 2 565 -566 
566 11.5 -0.8660254037844382 0 12.5 -0.8660254037844375 0 2 2 -2 2 566 -481 
570 12.5 -2.598076211353315 0 13 -1.732050807568877 0 2 2 -2 2 560 -565 
571 12.5 8.881784197001252e-16 0 13 0.8660254037844395 0 2 2 -2 2 571 -572 
572 11.5 0.8660254037844393 0 12.5 0.8660254037844395 0 2 2 -2 2 572 -487 
576 12.5 -0.8660254037844382 0 13 8.881784197001252e-16 0 2 2 -2 2 566 -571 
577 12.5 1.732050807568878 0 13 2.598076211353316 0 2 2 -2 2 577 -578 
578 11.5 2.598076211353316 0 12.5 2.598076211353316 0 2 2 -2 2 578 -493 
582 12.5 0.8660254037844395 0 13 1.732050807568878 0 2 2 -2 2 572 -577 
583 12.5 3.464101615137754 0 13 4.330127018922193 0 2 2 -2 2 583 -584 
584 11.5 4.330127018922193 0 12.5 4.330127018922195 0 2 2 -2 2 584 -499 
588 12.5 2.598076211353316 0 13 3.464101615137754 0 2 2 -2 2 578 -583 
589 12.5 5.196152422706633 0 13 6.062177826491071 0 2 2 -2 2 589 -590 
590 11.5 6.062177826491071 0 12.5 6.062177826491071 0 2 2 -2 2 590 -505 
594 12.5 4.330127018922193 0 13 5.196152422706633 0 2 2 -2 2 584 -589 
595 12.5 6.92820323027551 0 13 7.794228634059948 0 2 2 -2 2 595 -596 
596 11.5 7.794228634059948 0 12.5 7.794228634059948 0 2 2 -2 2 596 -511 
600 12.5 6.062177826491071 0 13 6.92820323027551 0 2 2 -2 2 590 -595 
601 12.5 8.660254037844386 0 13 9.526279441628825 0 2 2 -2 2 601 -602 
602 11.5 9.526279441628825 0 12.5 9.526279441628825 0 2 2 -2 2 602 -517 
606 12.5 7.794228634059948 0 13 8.660254037844386 0 2 2 -2 2 596 -601 
607 12.5 10.39230484541326 0 13 11.2583302491977 0 2 2 -2 2 607 -608 
608 11.5 11.2583302491977 0 12.5 11.2583302491977 0 2 2 -2 2 608 -523 
612 12.5 9.526279441628825 0 13 10.39230484541326 0 2 2 -2 2 602 -607 
613 12.5 12.12435565298214 0 13 12.99038105676658 0 2 2 -2 2 613 -614 
614 11.5 12.99038105676658 0 12.5 12.99038105676658 0 2 2 -2 2 614 -529 
618 12.5 11.2583302491977 0 13 12.12435565298214 0 2 2 -2 2 608 -613 
619 12.5 13.85640646055102 0 13 14.72243186433546 0 2 2 -2 2 619 -620 
620 11.5 14.72243186433546 0 12.5 14.72243186433546 0 2 2 -2 2 620 -535 
624 12.5 12.99038105676658 0 13 13.85640646055102 0 2 2 -2 2 614 -619 
625 12.5 15.5884572681199 0 13 16.45448267190433 0 2 2 -2 2 625 -626 
626 11.5 16.45448267190433 0 12.5 16.45448267190433 0 2 2 -2 2 626 -541 
630 12.5 14.72243186433546 0 13 15.5884572681199 0 2 2 -2 2 620 -625 
631 12.5 17.32050807568877 0 13 18.18653347947321 0 1 2 2 631 -632 
632 11.5 18.18653347947321 0 12.5 18.18653347947321 0 1 2 2 632 -547 
636 12.5 16.45448267190433 0 13 17.32050807568877 0 2 2 -2 2 626 -631 
637 14 -4.330127018922193 0 14.5 -3.464101615137754 0 2 2 -2 2 637 -638 
638 13 -3.464101615137754 0 14 -3.464101615137754 0 2 2 -2 2 638 -559 
641 13 -5.196152422706632 0 14 -5.196152422706631 0 1 2 2 553 -642 
642 14 -5.196152422706632 0 14.5 -4.330127018922193 0 1 2 2 642 -637 
643 14 -2.598076211353316 0 14.5 -1.732050807568877 0 2 2 -2 2 643 -644 
644 13 -1.732050807568877 0 14 -1.732050807568877 0 2 2 -2 2 644 -565 
648 14 -3.464101615137754 0 14.5 -2.598076211353316 0 2 2 -2 2 638 -643 
649 14 -0.8660254037844384 0 14.5 2.220446049250313e-16 0 2 2 -2 2 649 -650 
650 13 2.220446049250313e-16 0 14 8.881784197001252e-16 0 2 2 -2 2 650 -571 
654 14 -1.732050807568877 0 14.5 -0.8660254037844384 0 2 2 -2 2 644 -649 
655 14 0.8660254037844393 0 14.5 1.732050807568878 0 2 2 -2 2 655 -656 
656 13 1.732050807568878 0 14 1.732050807568878 0 2 2 -2 2 656 -577 
660 14 2.220446049250313e-16 0 14.5 0.8660254037844393 0 2 2 -2 2 650 -655 
661 14 2.598076211353316 0 14.5 3.464101615137754 0 2 2 -2 2 661 -662 
662 13 3.464101615137754 0 14 3.464101615137754 0 2 2 -2 2 662 -583 
666 14 1.732050807568878 0 14.5 2.598076211353316 0 2 2 -2 2 656 -661 
667 14 4.330127018922193 0 14.5 5.196152422706631 0 2 2 -2 2 667 -668 
668 13 5.196152422706631 0 14 5.196152422706633 0 2 2 -2 2 668 -589 
672 14 3.464101615137754 0 14.5 4.330127018922193 0 2 2 -2 2 662 -667 
673 14 6.062177826491071 0 14.5 6.92820323027551 0 2 2 -2 2 673 -674 
674 13 6.92820323027551 0 14 6.92820323027551 0 2 2 -2 2 674 -595 
678 14 5.196152422706631 0 14.5 6.062177826491071 0 2 2 -2 2 668 -673 
679 14 7.794228634059948 0 14.5 8.660254037844387 0 2 2 -2 2 679 -680 
680 13 8.660254037844386 0 14 8.660254037844387 0 2 2 -2 2 680 -601 
684 14 6.92820323027551 0 14.5 7.794228634059948 0 2 2 -2 2 674 -679 
685 14 9.526279441628825 0 14.5 10.39230484541326 0 2 2 -2 2 685 -686 
686 13 10.39230484541326 0 14 10.39230484541326 0 2 2 -2 2 686 -607 
690 14 8.660254037844387 0 14.5 9.526279441628825 0 2 2 -2 2 680 -685 
691 14 11.2583302491977 0 14.5 12.12435565298214 0 2 2 -2 2 691 -692 
692 13 12.12435565298214 0 14 12.12435565298214 0 2 2 -2 2 692 -613 
696 14 10.39230484541326 0 14.5 11.2583302491977 0 2 2 -2 2 686 -691 
697 14 12.99038105676658 0 14.5 13.85640646055102 0 2 2 -2 2 697 -698 
698 13 13.85640646055102 0 14 13.85640646055102 0 2 2 -2 2 698 -619 
702 14 12.12435565298214 0 14.5 12.99038105676658 0 2 2 -2 2 692 -697 
703 14 14.72243186433546 0 14.5 15.5884572681199 0 2 2 -2 2 703 -704 
704 13 15.5884572681199 0 14 15.5884572681199 0 2 2 -2 2 704 -625 
708 14 13.85640646055102 0 14.5 14.72243186433546 0 2 2 -2 2 698 -703 
709 14 16.45448267190434 0 14.5 17.32050807568877 0 1 2 2 709 -710 
710 13 17.32050807568877 0 14 17.32050807568877 0 1 2 2 710 -631 
714 14 15.5884572681199 0 14.5 16.45448267190434 0 2 2 -2 2 704 -709 
715 15.5 -3.464101615137754 0 16 -2.598076211353316 0 2 2 -2 2 715 -716 
716 14.5 -2.598076211353316 0 15.5 -2.598076211353316 0 2 2 -2 2 716 -643 
719 14.5 -4.330127018922194 0 15.5 -4.330127018922193 0 1 2 2 637 -720 
720 15.5 -4.330127018922194 0 16 -3.464101615137754 0 1 2 2 720 -715 
721 15.5 -1.732050807568877 0 16 -0.8660254037844386 0 2 2 -2 2 721 -722 
722 14.5 -0.8660254037844386 0 15.5 -0.8660254037844384 0 2 2 -2 2 722 -649 
726 15.5 -2.598076211353316 0 16 -1.732050807568877 0 2 2 -2 2 716 -721 
727 15.5 0 0 16 0.8660254037844386 0 2 2 -2 2 727 -728 
728 14.5 0.8660254037844386 0 15.5 0.8660254037844393 0 2 2 -2 2 728 -655 
732 15.5 -0.8660254037844386 0 16 0 0 2 2 -2 2 722 -727 
733 15.5 1.732050807568878 0 16 2.598076211353316 0 2 2 -2 2 733 -734 
734 14.5 2.598076211353316 0 15.5 2.598076211353316 0 2 2 -2 2 734 -661 
738 15.5 0.8660254037844386 0 16 1.732050807568878 0 2 2 -2 2 728 -733 
739 15.5 3.464101615137754 0 16 4.330127018922193 0 2 2 -2 2 739 -740 
740 14.5 4.330127018922193 0 15.5 4.330127018922193 0 2 2 -2 2 740 -667 
744 15.5 2.598076211353316 0 16 3.464101615137754 0 2 2 -2 2 734 -739 
745 15.5 5.196152422706631 0 16 6.06217782649107 0 2 2 -2 2 745 -746 
746 14.5 6.06217782649107 0 15.5 6.062177826491071 0 2 2 -2 2 746 -673 
750 15.5 4.330127018922193 0 16 5.196152422706631 0 2 2 -2 2 740 -745 
751 15.5 6.92820323027551 0 16 7.794228634059948 0 2 2 -2 2 751 -752 
752 14.5 7.794228634059948 0 15.5 7.794228634059948 0 2 2 -2 2 752 -679 
756 15.5 6.06217782649107 0 16 6.92820323027551 0 2 2 -2 2 746 -751 
757 15.5 8.660254037844386 0 16 9.526279441628825 0 2 2 -2 2 757 -758 
758 14.5 9.526279441628825 0 15.5 9.526279441628825 0 2 2 -2 2 758 -685 
762 15.5 7.794228634059948 0 16 8.660254037844386 0 2 2 -2 2 752 -757 
763 15.5 10.39230484541326 0 16 11.2583302491977 0 2 2 -2 2 763 -764 
764 14.5 11.2583302491977 0 15.5 11.2583302491977 0 2 2 -2 2 764 -691 
768 15.5 9.526279441628825 0 16 10.39230484541326 0 2 2 -2 2 758 -763 
769 15.5 12.12435565298214 0 16 12.99038105676658 0 2 2 -2 2 769 -770 
770 14.5 12.99038105676658 0 15.5 12.99038105676658 0 2 2 -2 2 770 -697 
774 15.5 11.2583302491977 0 16 12.12435565298214 0 2 2 -2 2 764 -769 
775 15.5 13.85640646055102 0 16 14.72243186433546 0 2 2 -2 2 775 -776 
776 14.5 14.72243186433546 0 15.5 14.72243186433546 0 2 2 -2 2 776 -703 
780 15.5 12.99038105676658 0 16 13.85640646055102 0 2 2 -2 2 770 -775 
781 15.5 15.5884572681199 0 16 16.45448267190433 0 1 2 2 781 -782 
782 14.5 16.45448267190433 0 15.5 16.45448267190434 0 1 2 2 782 -709 
786 15.5 14.72243186433546 0 16 15.5884572681199 0 2 2 -2 2 776 -781 
787 17 -2.598076211353316 0 17.5 -1.732050807568877 0 2 2 -2 2 787 -788 
788 16 -1.732050807568877 0 17 -1.732050807568877 0 2 2 -2 2 788 -721 
791 16 -3.464101615137755 0 17 -3.464101615137754 0 1 2 2 715 -792 
792 17 -3.464101615137755 0 17.5 -2.598076211353316 0 1 2 2 792 -787 
793 17 -0.8660254037844388 0 17.5 -2.220446049250313e-16 0 2 2 -2 2 793 -794 
794 16 -2.220446049250313e-16 0 17 0 0 2 2 -2 2 794 -727 
798 17 -1.732050807568877 0 17.5 -0.8660254037844388 0 2 2 -2 2 788 -793 
799 17 0.8660254037844384 0 17.5 1.732050807568877 0 2 2 -2 2 799 -800 
800 16 1.732050807568877 0 17 1.732050807568878 0 2 2 -2 2 800 -733 
804 17 -2.220446049250313e-16 0 17.5 0.8660254037844384 0 2 2 -2 2 794 -799 
805 17 2.598076211353316 0 17.5 3.464101615137754 0 2 2 -2 2 805 -806 
806 16 3.464101615137754 0 17 3.464101615137754 0 2 2 -2 2 806 -739 
810 17 1.732050807568877 0 17.5 2.598076211353316 0 2 2 -2 2 800 -805 
811 17 4.330127018922193 0 17.5 5.196152422706631 0 2 2 -2 2 811 -812 
812 16 5.196152422706631 0 17 5.196152422706631 0 2 2 -2 2 812 -745 
816 17 3.464101615137754 0 17.5 4.330127018922193 0 2 2 -2 2 806 -811 
817 17 6.06217782649107 0 17.5 6.928203230275508 0 2 2 -2 2 817 -818 
818 16 6.928203230275508 0 17 6.92820323027551 0 2 2 -2 2 818 -751 
822 17 5.196152422706631 0 17.5 6.06217782649107 0 2 2 -2 2 812 -817 
823 17 7.794228634059948 0 17.5 8.660254037844387 0 2 2 -2 2 823 -824 
824 16 8.660254037844386 0 17 8.660254037844387 0 2 2 -2 2 824 -757 
828 17 6.928203230275508 0 17.5 7.794228634059948 0 2 2 -2 2 818 -823 
829 17 9.526279441628825 0 17.5 10.39230484541326 0 2 2 -2 2 829 -830 
830 16 10.39230484541326 0 17 10.39230484541326 0 2 2 -2 2 830 -763 
834 17 8.660254037844387 0 17.5 9.526279441628825 0 2 2 -2 2 824 -829 
835 17 11.2583302491977 0 17.5 12.12435565298214 0 2 2 -2 2 835 -836 
836 16 12.12435565298214 0 17 12.12435565298214 0 2 2 -2 2 836 -769 
840 17 10.39230484541326 0 17.5 11.2583302491977 0 2 2 -2 2 830 -835 
841 17 12.99038105676658 0 17.5 13.85640646055102 0 2 2 -2 2 841 -842 
842 16 13.85640646055102 0 17 13.85640646055102 0 2 2 -2 2 842 -775 
846 17 12.12435565298214 0 17.5 12.99038105676658 0 2 2 -2 2 836 -841 
847 17 14.72243186433546 0 17.5 15.58845726811989 0 1 2 2 847 -848 
848 16 15.58845726811989 0 17 15.5884572681199 0 1 2 2 848 -781 
852 17 13.85640646055102 0 17.5 14.72243186433546 0 2 2 -2 2 842 -847 
853 18.5 -1.732050807568877 0 19 -0.8660254037844388 0 2 2 -2 2 853 -854 
854 17.5 -0.8660254037844388 0 18.5 -0.8660254037844388 0 2 2 -2 2 854 -793 
857 17.5 -2.598076211353316 0 18.5 -2.598076211353316 0 1 2 2 787 -858 
858 18.5 -2.598076211353316 0 19 -1.732050807568877 0 1 2 2 858 -853 
859 18.5 -2.220446049250313e-16 0 19 0.8660254037844384 0 2 2 -2 2 859 -860 
860 17.5 0.8660254037844384 0 18.5 0.8660254037844384 0 2 2 -2 2 860 -799 
864 18.5 -0.8660254037844388 0 19 -2.220446049250313e-16 0 2 2 -2 2 854 -859 
865 18.5 1.732050807568877 0 19 2.598076211353316 0 2 2 -2 2 865 -866 
866 17.5 2.598076211353316 0 18.5 2.598076211353316 0 2 2 -2 2 866 -805 
870 18.5 0.8660254037844384 0 19 1.732050807568877 0 2 2 -2 2 860 -865 
871 18.5 3.464101615137754 0 19 4.330127018922193 0 2 2 -2 2 871 -872 
872 17.5 4.330127018922193 0 18.5 4.330127018922193 0 2 2 -2 2 872 -811 
876 18.5 2.598076211353316 0 19 3.464101615137754 0 2 2 -2 2 866 -871 
877 18.5 5.196152422706631 0 19 6.06217782649107 0 2 2 -2 2 877 -878 
878 17.5 6.06217782649107 0 18.5 6.06217782649107 0 2 2 -2 2 878 -817 
882 18.5 4.330127018922193 0 19 5.196152422706631 0 2 2 -2 2 872 -877 
883 18.5 6.928203230275508 0 19 7.794228634059946 0 2 2 -2 2 883 -884 
884 17.5 7.794228634059946 0 18.5 7.794228634059948 0 2 2 -2 2 884 -823 
888 18.5 6.06217782649107 0 19 6.928203230275508 0 2 2 -2 2 878 -883 
889 18.5 8.660254037844387 0 19 9.526279441628827 0 2 2 -2 2 889 -890 
890 17.5 9.526279441628825 0 18.5 9.526279441628827 0 2 2 -2 2 890 -829 
894 18.5 7.794228634059946 0 19 8.660254037844387 0 2 2 -2 2 884 -889 
895 18.5 10.39230484541326 0 19 11.2583302491977 0 2 2 -2 2 895 -896 
896 17.5 11.2583302491977 0 18.5 11.2583302491977 0 2 2 -2 2 896 -835 
900 18.5 9.526279441628827 0 19 10.39230484541326 0 2 2 -2 2 890 -895 
901 18.5 12.12435565298214 0 19 12.99038105676658 0 2 2 -2 2 901 -902 
902 17.5 12.99038105676658 0 18.5 12.99038105676658 0 2 2 -2 2 902 -841 
906 18.5 11.2583302491977 0 19 12.12435565298214 0 2 2 -2 2 896 -901 
907 18.5 13.85640646055102 0 19 14.72243186433546 0 1 2 2 907 -908 
908 17.5 14.72243186433546 0 18.5 14.72243186433546 0 1 2 2 908 -847 
912 18.5 12.99038105676658 0 19 13.85640646055102 0 2 2 -2 2 902 -907 
913 20 -0.8660254037844388 0 20.5 -2.220446049250313e-16 0 2 2 -2 2 913 -914 
914 19 -2.220446049250313e-16 0 20 -2.220446049250313e-16 0 2 2 -2 2 914 -859 
917 19 -1.732050807568878 0 20 -1.732050807568877 0 1 2 2 853 -918 
918 20 -1.732050807568878 0 20.5 -0.8660254037844388 0 1 2 2 918 -913 
919 20 0.8660254037844384 0 20.5 1.732050807568877 0 2 2 -2 2 919 -920 
920 19 1.732050807568877 0 20 1.732050807568877 0 2 2 -2 2 920 -865 
924 20 -2.220446049250313e-16 0 20.5 0.8660254037844384 0 2 2 -2 2 914 -919 
925 20 2.598076211353316 0 20.5 3.464101615137754 0 2 2 -2 2 925 -926 
926 19 3.464101615137754 0 20 3.464101615137754 0 2 2 -2 2 926 -871 
930 20 1.732050807568877 0 20.5 2.598076211353316 0 2 2 -2 2 920 -925 
931 20 4.330127018922193 0 20.5 5.196152422706631 0 2 2 -2 2 931 -932 
932 19 5.196152422706631 0 20 5.196152422706631 0 2 2 -2 2 932 -877 
936 20 3.464101615137754 0 20.5 4.330127018922193 0 2 2 -2 2 926 -931 
937 20 6.06217782649107 0 20.5 6.928203230275508 0 2 2 -2 2 937 -938 
938 19 6.928203230275508 0 20 6.928203230275508 0 2 2 -2 2 938 -883 
942 20 5.196152422706631 0 20.5 6.06217782649107 0 2 2 -2 2 932 -937 
943 20 7.794228634059946 0 20.5 8.660254037844386 0 2 2 -2 2 943 -944 
944 19 8.660254037844386 0 20 8.660254037844387 0 2 2 -2 2 944 -889 
948 20 6.928203230275508 0 20.5 7.794228634059946 0 2 2 -2 2 938 -943 
949 20 9.526279441628825 0 20.5 10.39230484541326 0 2 2 -2 2 949 -950 
950 19 10.39230484541326 0 20 10.39230484541326 0 2 2 -2 2 950 -895 
954 20 8.660254037844386 0 20.5 9.526279441628825 0 2 2 -2 2 944 -949 
955 20 11.2583302491977 0 20.5 12.12435565298214 0 2 2 -2 2 955 -956 
956 19 12.12435565298214 0 20 12.12435565298214 0 2 2 -2 2 956 -901 
960 20 10.39230484541326 0 20.5 11.2583302491977 0 2 2 -2 2 950 -955 
961 20 12.99038105676658 0 20.5 13.85640646055102 0 1 2 2 961 -962 
962 19 13.85640646055102 0 20 13.85640646055102 0 1 2 2 962 -907 
966 20 12.12435565298214 0 20.5 12.99038105676658 0 2 2 -2 2 956 -961 
967 21.5 -2.220446049250313e-16 0 22 0.8660254037844384 0 1 2 2 967 -968 
968 20.5 0.8660254037844384 0 21.5 0.8660254037844384 0 2 2 -2 2 968 -919 
971 20.5 -0.8660254037844393 0 21.5 -0.8660254037844388 0 1 2 2 913 -972 
972 21.5 -0.8660254037844393 0 22 -2.220446049250313e-16 0 1 2 2 972 -967 
973 21.5 1.732050807568877 0 22 2.598076211353316 0 1 2 2 973 -974 
974 20.5 2.598076211353316 0 21.5 2.598076211353316 0 2 2 -2 2 974 -925 
978 21.5 0.8660254037844384 0 22 1.732050807568877 0 1 2 2 968 -973 
979 21.5 3.464101615137754 0 22 4.330127018922193 0 1 2 2 979 -980 
980 20.5 4.330127018922193 0 21.5 4.330127018922193 0 2 2 -2 2 980 -931 
984 21.5 2.598076211353316 0 22 3.464101615137754 0 1 2 2 974 -979 
985 21.5 5.196152422706632 0 22 6.06217782649107 0 1 2 2 985 -986 
986 20.5 6.06217782649107 0 21.5 6.06217782649107 0 2 2 -2 2 986 -937 
990 21.5 4.330127018922193 0 22 5.196152422706632 0 1 2 2 980 -985 
991 21.5 6.928203230275509 0 22 7.794228634059947 0 1 2 2 991 -992 
992 20.5 7.794228634059946 0 21.5 7.794228634059947 0 2 2 -2 2 992 -943 
996 21.5 6.06217782649107 0 22 6.928203230275509 0 1 2 2 986 -991 
997 21.5 8.660254037844386 0 22 9.526279441628825 0 1 2 2 997 -998 
998 20.5 9.526279441628825 0 21.5 9.526279441628825 0 2 2 -2 2 998 -949 
1002 21.5 7.794228634059947 0 22 8.660254037844386 0 1 2 2 992 -997 
1003 21.5 10.39230484541326 0 22 11.2583302491977 0 1 2 2 1003 -1004 
1004 20.5 11.2583302491977 0 21.5 11.2583302491977 0 2 2 -2 2 1004 -955 
1008 21.5 9.526279441628825 0 22 10.39230484541326 0 1 2 2 998 -1003 
1009 21.5 12.12435565298214 0 22 12.99038105676658 0 1 2 2 1009 -1010 
1010 20.5 12.99038105676658 0 21.5 12.99038105676658 0 1 2 2 1010 -961 
1014 21.5 11.2583302491977 0 22 12.12435565298214 0 1 2 2 1004 -1009 
1015 -1.665334536937735e-16 0 0 1 0 0 0 2 1015 -1 
1017 -1.110223024625157e-16 0 0 0.5000000000000001 0.8660254037844386 0 0 2 2 -1015 
1020 -0.4999999999999998 0 0 -1.665334536937735e-16 0.8660254037844387 0 0 2 3 -1015 
1023 -1 0 0 -1.110223024625157e-16 1.224646799147353e-16 0 0 2 4 -1015 
1026 -0.5000000000000004 -0.8660254037844384 0 -1.110223024625157e-16 0 0 0 2 5 -1015 
1029 -1.665334536937735e-16 -0.866025403784439 0 0.4999999999999993 0 0 0 2 6 -1015 
1033 -1.665334536937735e-16 1.732050807568877 0 1 1.732050807568877 0 0 2 1016 -7 
1035 -1.110223024625157e-16 1.732050807568877 0 0.5000000000000001 2.598076211353316 0 0 2 8 -1016 
1038 -0.4999999999999998 1.732050807568877 0 -1.665334536937735e-16 2.598076211353316 0 0 2 9 -1016 
1041 -1 1.732050807568877 0 -1.110223024625157e-16 1.732050807568877 0 0 2 10 -1016 
1044 -0.4999999999999998 0.8660254037844387 0 -1.665334536937735e-16 1.732050807568877 0 0 2 3 -1016 
1047 -1.110223024625157e-16 0.8660254037844386 0 0.5000000000000001 1.732050807568877 0 0 2 2 -1016 
1051 -1.665334536937735e-16 3.464101615137754 0 1 3.464101615137754 0 0 2 1017 -13 
1053 -1.110223024625157e-16 3.464101615137754 0 0.5000000000000001 4.330127018922193 0 0 2 14 -1017 
1056 -0.4999999999999998 3.464101615137754 0 -1.665334536937735e-16 4.330127018922193 0 0 2 15 -1017 
1059 -1 3.464101615137754 0 -1.110223024625157e-16 3.464101615137754 0 0 2 16 -1017 
1062 -0.4999999999999998 2.598076211353316 0 -1.665334536937735e-16 3.464101615137754 0 0 2 9 -1017 
1065 -1.110223024625157e-16 2.598076211353316 0 0.5000000000000001 3.464101615137754 0 0 2 8 -1017 
1069 -1.665334536937735e-16 5.196152422706632 0 1 5.196152422706632 0 0 2 1018 -19 
1071 -1.110223024625157e-16 5.196152422706632 0 0.5000000000000001 6.06217782649107 0 0 2 20 -1018 
1074 -0.4999999999999998 5.196152422706632 0 -1.665334536937735e-16 6.06217782649107 0 0 2 21 -1018 
1077 -1 5.196152422706632 0 -1.110223024625157e-16 5.196152422706632 0 0 2 22 -1018 
1080 -0.4999999999999998 4.330127018922193 0 -1.665334536937735e-16 5.196152422706632 0 0 2 15 -1018 
1083 -1.110223024625157e-16 4.330127018922193 0 0.5000000000000001 5.196152422706632 0 0 2 14 -1018 
1087 -1.665334536937735e-16 6.928203230275509 0 1 6.92820323027551 0 0 2 1019 -25 
1089 -1.110223024625157e-16 6.92820323027551 0 0.5000000000000001 7.794228634059947 0 0 2 26 -1019 
1092 -0.4999999999999998 6.92820323027551 0 -1.665334536937735e-16 7.794228634059947 0 0 2 27 -1019 
1095 -1 6.928203230275509 0 -1.110223024625157e-16 6.92820323027551 0 0 2 28 -1019 
1098 -0.4999999999999998 6.06217782649107 0 -1.665334536937735e-16 6.92820323027551 0 0 2 21 -1019 
1101 -1.110223024625157e-16 6.06217782649107 0 0.5000000000000001 6.92820323027551 0 0 2 20 -1019 
1105 -1.665334536937735e-16 8.660254037844386 0 1 8.660254037844387 0 0 2 1020 -31 
1107 -1.110223024625157e-16 8.660254037844387 0 0.5000000000000001 9.526279441628825 0 0 2 32 -1020 
1110 -0.4999999999999998 8.660254037844387 0 -1.665334536937735e-16 9.526279441628825 0 0 2 33 -1020 
1113 -1 8.660254037844386 0 -1.110223024625157e-16 8.660254037844387 0 0 2 34 -1020 
1116 -0.4999999999999998 7.794228634059947 0 -1.665334536937735e-16 8.660254037844387 0 0 2 27 -1020 
1119 -1.110223024625157e-16 7.794228634059947 0 0.5000000000000001 8.660254037844387 0 0 2 26 -1020 
1123 -1.665334536937735e-16 10.39230484541326 0 1 10.39230484541327 0 0 2 1021 -37 
1125 -1.110223024625157e-16 10.39230484541327 0 0.5000000000000001 11.2583302491977 0 0 2 38 -1021 
1128 -0.4999999999999998 10.39230484541327 0 -1.665334536937735e-16 11.2583302491977 0 0 2 39 -1021 
1131 -1 10.39230484541326 0 -1.110223024625157e-16 10.39230484541327 0 0 2 40 -1021 
1134 -0.4999999999999998 9.526279441628825 0 -1.665334536937735e-16 10.39230484541327 0 0 2 33 -1021 
1137 -1.110223024625157e-16 9.526279441628825 0 0.5000000000000001 10.39230484541327 0 0 2 32 -1021 
1141 -1.665334536937735e-16 12.12435565298214 0 1 12.12435565298214 0 0 2 1022 -43 
1143 -1.110223024625157e-16 12.12435565298214 0 0.5000000000000001 12.99038105676658 0 0 2 44 -1022 
1146 -0.4999999999999998 12.12435565298214 0 -1.665334536937735e-16 12.99038105676658 0 0 2 45 -1022 
1149 -1 12.12435565298214 0 -1.110223024625157e-16 12.12435565298214 0 0 2 46 -1022 
1152 -0.4999999999999998 11.2583302491977 0 -1.665334536937735e-16 12.12435565298214 0 0 2 39 -1022 
1155 -1.110223024625157e-16 11.2583302491977 0 0.5000000000000001 12.12435565298214 0 0 2 38 -1022 
1159 1.5 -0.8660254037844387 0 2.5 -0.8660254037844386 0 0 2 1023 -49 
1161 1.5 -0.8660254037844387 0 2 0 0 0 2 50 -1023 
1164 1 -0.8660254037844387 0 1.5 0 0 0 2 1 -1023 
1167 0.4999999999999993 -0.866025403784439 0 1.5 -0.8660254037844387 0 0 2 6 -1023 
1170 0.9999999999999996 -1.732050807568877 0 1.5 -0.8660254037844387 0 0 2 53 -1023 
1173 1.5 -1.732050807568878 0 1.999999999999999 -0.8660254037844387 0 0 2 54 -1023 
1177 1.5 0.8660254037844384 0 2.5 0.8660254037844386 0 0 2 1024 -55 
1179 1.5 0.8660254037844384 0 2 1.732050807568877 0 0 2 56 -1024 
1182 1 0.8660254037844384 0 1.5 1.732050807568877 0 0 2 7 -1024 
1185 0.5000000000000001 0.8660254037844384 0 1.5 0.8660254037844386 0 0 2 2 -1024 
1188 1 0 0 1.5 0.8660254037844384 0 0 2 1 -1024 
1191 1.5 0 0 2 0.8660254037844384 0 0 2 50 -1024 
1195 1.5 2.598076211353316 0 2.5 2.598076211353316 0 0 2 1025 -61 
1197 1.5 2.598076211353316 0 2 3.464101615137754 0 0 2 62 -1025 
1200 1 2.598076211353316 0 1.5 3.464101615137754 0 0 2 13 -1025 
1203 0.5000000000000001 2.598076211353316 0 1.5 2.598076211353316 0 0 2 8 -1025 
1206 1 1.732050807568877 0 1.5 2.598076211353316 0 0 2 7 -1025 
1209 1.5 1.732050807568877 0 2 2.598076211353316 0 0 2 56 -1025 
1213 1.5 4.330127018922194 0 2.5 4.330127018922194 0 0 2 1026 -67 
1215 1.5 4.330127018922194 0 2 5.196152422706632 0 0 2 68 -1026 
1218 1 4.330127018922194 0 1.5 5.196152422706632 0 0 2 19 -1026 
1221 0.5000000000000001 4.330127018922193 0 1.5 4.330127018922194 0 0 2 14 -1026 
1224 1 3.464101615137754 0 1.5 4.330127018922194 0 0 2 13 -1026 
1227 1.5 3.464101615137754 0 2 4.330127018922194 0 0 2 62 -1026 
1231 1.5 6.06217782649107 0 2.5 6.06217782649107 0 0 2 1027 -73 
1233 1.5 6.06217782649107 0 2 6.928203230275509 0 0 2 74 -1027 
1236 1 6.06217782649107 0 1.5 6.928203230275509 0 0 2 25 -1027 
1239 0.5000000000000001 6.06217782649107 0 1.5 6.06217782649107 0 0 2 20 -1027 
1242 1 5.196152422706632 0 1.5 6.06217782649107 0 0 2 19 -1027 
1245 1.5 5.196152422706632 0 2 6.06217782649107 0 0 2 68 -1027 
1249 1.5 7.794228634059947 0 2.5 7.794228634059947 0 0 2 1028 -79 
1251 1.5 7.794228634059947 0 2 8.660254037844386 0 0 2 80 -1028 
1254 1 7.794228634059947 0 1.5 8.660254037844386 0 0 2 31 -1028 
1257 0.5000000000000001 7.794228634059947 0 1.5 7.794228634059947 0 0 2 26 -1028 
1260 1 6.928203230275509 0 1.5 7.794228634059947 0 0 2 25 -1028 
1263 1.5 6.928203230275509 0 2 7.794228634059947 0 0 2 74 -1028 
1267 1.5 9.526279441628823 0 2.5 9.526279441628825 0 0 2 1029 -85 
1269 1.5 9.526279441628823 0 2 10.39230484541326 0 0 2 86 -1029 
1272 1 9.526279441628823 0 1.5 10.39230484541326 0 0 2 37 -1029 
1275 0.5000000000000001 9.526279441628823 0 1.5 9.526279441628825 0 0 2 32 -1029 
1278 1 8.660254037844386 0 1.5 9.526279441628823 0 0 2 31 -1029 
1281 1.5 8.660254037844386 0 2 9.526279441628823 0 0 2 80 -1029 
1285 1.5 11.2583302491977 0 2.5 11.2583302491977 0 0 2 1030 -91 
1287 1.5 11.2583302491977 0 2 12.12435565298214 0 0 2 92 -1030 
1290 1 11.2583302491977 0 1.5 12.12435565298214 0 0 2 43 -1030 
1293 0.5000000000000001 11.2583302491977 0 1.5 11.2583302491977 0 0 2 38 -1030 
1296 1 10.39230484541326 0 1.5 11.2583302491977 0 0 2 37 -1030 
1299 1.5 10.39230484541326 0 2 11.2583302491977 0 0 2 86 -1030 
1303 1.5 12.99038105676657 0 2.5 12.99038105676658 0 0 2 1031 -97 
1305 1.5 12.99038105676657 0 2 13.85640646055102 0 0 2 98 -1031 
1308 1 12.99038105676657 0 1.5 13.85640646055102 0 0 2 99 -1031 
1311 0.5000000000000001 12.99038105676657 0 1.5 12.99038105676658 0 0 2 44 -1031 
1314 1 12.12435565298214 0 1.5 12.99038105676657 0 0 2 43 -1031 
1317 1.5 12.12435565298214 0 2 12.99038105676657 0 0 2 92 -1031 
1321 3 -1.732050807568877 0 4 -1.732050807568877 0 0 2 1032 -103 
1323 3 -1.732050807568877 0 3.5 -0.8660254037844386 0 0 2 104 -1032 
1326 2.5 -1.732050807568877 0 3 -0.8660254037844386 0 0 2 49 -1032 
1329 1.999999999999999 -1.732050807568878 0 3 -1.732050807568877 0 0 2 54 -1032 
1332 2.5 -2.598076211353316 0 3 -1.732050807568877 0 0 2 107 -1032 
1335 3 -2.598076211353316 0 3.499999999999999 -1.732050807568877 0 0 2 108 -1032 
1339 3 0 0 4 0 0 0 2 1033 -109 
1341 3 0 0 3.5 0.8660254037844386 0 0 2 110 -1033 
1344 2.5 0 0 3 0.8660254037844386 0 0 2 55 -1033 
1347 2 0 0 3 0 0 0 2 50 -1033 
1350 2.5 -0.8660254037844386 0 3 0 0 0 2 49 -1033 
1353 3 -0.8660254037844386 0 3.5 0 0 0 2 104 -1033 
1357 3 1.732050807568877 0 4 1.732050807568877 0 0 2 1034 -115 
1359 3 1.732050807568877 0 3.5 2.598076211353316 0 0 2 116 -1034 
1362 2.5 1.732050807568877 0 3 2.598076211353316 0 0 2 61 -1034 
1365 2 1.732050807568877 0 3 1.732050807568877 0 0 2 56 -1034 
1368 2.5 0.8660254037844386 0 3 1.732050807568877 0 0 2 55 -1034 
1371 3 0.8660254037844386 0 3.5 1.732050807568877 0 0 2 110 -1034 
1375 3 3.464101615137755 0 4 3.464101615137755 0 0 2 1035 -121 
1377 3 3.464101615137755 0 3.5 4.330127018922194 0 0 2 122 -1035 
1380 2.5 3.464101615137755 0 3 4.330127018922194 0 0 2 67 -1035 
1383 2 3.464101615137754 0 3 3.464101615137755 0 0 2 62 -1035 
1386 2.5 2.598076211353316 0 3 3.464101615137755 0 0 2 61 -1035 
1389 3 2.598076211353316 0 3.5 3.464101615137755 0 0 2 116 -1035 
1393 3 5.196152422706632 0 4 5.196152422706632 0 0 2 1036 -127 
1395 3 5.196152422706632 0 3.5 6.06217782649107 0 0 2 128 -1036 
1398 2.5 5.196152422706632 0 3 6.06217782649107 0 0 2 73 -1036 
1401 2 5.196152422706632 0 3 5.196152422706632 0 0 2 68 -1036 
1404 2.5 4.330127018922194 0 3 5.196152422706632 0 0 2 67 -1036 
1407 3 4.330127018922194 0 3.5 5.196152422706632 0 0 2 122 -1036 
1411 3 6.928203230275509 0 4 6.92820323027551 0 0 2 1037 -133 
1413 3 6.92820323027551 0 3.5 7.794228634059947 0 0 2 134 -1037 
1416 2.5 6.92820323027551 0 3 7.794228634059947 0 0 2 79 -1037 
1419 2 6.928203230275509 0 3 6.92820323027551 0 0 2 74 -1037 
1422 2.5 6.06217782649107 0 3 6.92820323027551 0 0 2 73 -1037 
1425 3 6.06217782649107 0 3.5 6.92820323027551 0 0 2 128 -1037 
1429 3 8.660254037844387 0 4 8.660254037844387 0 0 2 1038 -139 
1431 3 8.660254037844387 0 3.5 9.526279441628827 0 0 2 140 -1038 
1434 2.5 8.660254037844387 0 3 9.526279441628825 0 0 2 85 -1038 
1437 2 8.660254037844386 0 3 8.660254037844387 0 0 2 80 -1038 
1440 2.5 7.794228634059947 0 3 8.660254037844387 0 0 2 79 -1038 
1443 3 7.794228634059947 0 3.5 8.660254037844387 0 0 2 134 -1038 
1447 3 10.39230484541326 0 4 10.39230484541327 0 0 2 1039 -145 
1449 3 10.39230484541327 0 3.5 11.2583302491977 0 0 2 146 -1039 
1452 2.5 10.39230484541327 0 3 11.2583302491977 0 0 2 91 -1039 
1455 2 10.39230484541326 0 3 10.39230484541327 0 0 2 86 -1039 
1458 2.5 9.526279441628825 0 3 10.39230484541327 0 0 2 85 -1039 
1461 3 9.526279441628827 0 3.5 10.39230484541327 0 0 2 140 -1039 
1465 3 12.12435565298214 0 4 12.12435565298214 0 0 2 1040 -151 
1467 3 12.12435565298214 0 3.5 12.99038105676658 0 0 2 152 -1040 
1470 2.5 12.12435565298214 0 3 12.99038105676658 0 0 2 97 -1040 
1473 2 12.12435565298214 0 3 12.12435565298214 0 0 2 92 -1040 
1476 2.5 11.2583302491977 0 3 12.12435565298214 0 0 2 91 -1040 
1479 3 11.2583302491977 0 3.5 12.12435565298214 0 0 2 146 -1040 
1483 3 13.85640646055102 0 4 13.85640646055102 0 0 2 1041 -157 
1485 3 13.85640646055102 0 3.5 14.72243186433546 0 0 2 158 -1041 
1488 2.5 13.85640646055102 0 3 14.72243186433546 0 0 2 159 -1041 
1491 2 13.85640646055102 0 3 13.85640646055102 0 0 2 98 -1041 
1494 2.5 12.99038105676658 0 3 13.85640646055102 0 0 2 97 -1041 
1497 3 12.99038105676658 0 3.5 13.85640646055102 0 0 2 152 -1041 
1501 4.5 -2.598076211353316 0 5.5 -2.598076211353316 0 0 2 1042 -163 
1503 4.5 -2.598076211353316 0 5 -1.732050807568877 0 0 2 164 -1042 
1506 4 -2.598076211353316 0 4.5 -1.732050807568877 0 0 2 103 -1042 
1509 3.499999999999999 -2.598076211353316 0 4.5 -2.598076211353316 0 0 2 108 -1042 
1512 4 -3.464101615137754 0 4.5 -2.598076211353316 0 0 2 167 -1042 
1515 4.5 -3.464101615137755 0 4.999999999999999 -2.598076211353316 0 0 2 168 -1042 
1519 4.5 -0.8660254037844388 0 5.5 -0.8660254037844388 0 0 2 1043 -169 
1521 4.5 -0.8660254037844388 0 5 -2.220446049250313e-16 0 0 2 170 -1043 
1524 4 -0.8660254037844388 0 4.5 0 0 0 2 109 -1043 
1527 3.5 -0.8660254037844388 0 4.5 -0.8660254037844386 0 0 2 104 -1043 
1530 4 -1.732050807568877 0 4.5 -0.8660254037844388 0 0 2 103 -1043 
1533 4.5 -1.732050807568877 0 5 -0.8660254037844388 0 0 2 164 -1043 
1537 4.5 0.8660254037844384 0 5.5 0.8660254037844384 0 0 2 1044 -175 
1539 4.5 0.8660254037844384 0 5 1.732050807568877 0 0 2 176 -1044 
1542 4 0.8660254037844384 0 4.5 1.732050807568877 0 0 2 115 -1044 
1545 3.5 0.8660254037844384 0 4.5 0.8660254037844386 0 0 2 110 -1044 
1548 4 0 0 4.5 0.8660254037844384 0 0 2 109 -1044 
1551 4.5 -2.220446049250313e-16 0 5 0.8660254037844384 0 0 2 170 -1044 
1555 4.5 2.598076211353316 0 5.5 2.598076211353316 0 0 2 1045 -181 
1557 4.5 2.598076211353316 0 5 3.464101615137754 0 0 2 182 -1045 
1560 4 2.598076211353316 0 4.5 3.464101615137755 0 0 2 121 -1045 
1563 3.5 2.598076211353316 0 4.5 2.598076211353316 0 0 2 116 -1045 
1566 4 1.732050807568877 0 4.5 2.598076211353316 0 0 2 115 -1045 
1569 4.5 1.732050807568877 0 5 2.598076211353316 0 0 2 176 -1045 
1573 4.5 4.330127018922192 0 5.5 4.330127018922193 0 0 2 1046 -187 
1575 4.5 4.330127018922192 0 5 5.196152422706631 0 0 2 188 -1046 
1578 4 4.330127018922192 0 4.5 5.196152422706632 0 0 2 127 -1046 
1581 3.5 4.330127018922192 0 4.5 4.330127018922194 0 0 2 122 -1046 
1584 4 3.464101615137755 0 4.5 4.330127018922192 0 0 2 121 -1046 
1587 4.5 3.464101615137754 0 5 4.330127018922192 0 0 2 182 -1046 
1591 4.5 6.06217782649107 0 5.5 6.06217782649107 0 0 2 1047 -193 
1593 4.5 6.06217782649107 0 5 6.928203230275508 0 0 2 194 -1047 
1596 4 6.06217782649107 0 4.5 6.928203230275509 0 0 2 133 -1047 
1599 3.5 6.06217782649107 0 4.5 6.06217782649107 0 0 2 128 -1047 
1602 4 5.196152422706632 0 4.5 6.06217782649107 0 0 2 127 -1047 
1605 4.5 5.196152422706631 0 5 6.06217782649107 0 0 2 188 -1047 
1609 4.5 7.794228634059948 0 5.5 7.794228634059948 0 0 2 1048 -199 
1611 4.5 7.794228634059948 0 5 8.660254037844387 0 0 2 200 -1048 
1614 4 7.794228634059948 0 4.5 8.660254037844387 0 0 2 139 -1048 
1617 3.5 7.794228634059947 0 4.5 7.794228634059948 0 0 2 134 -1048 
1620 4 6.928203230275509 0 4.5 7.794228634059948 0 0 2 133 -1048 
1623 4.5 6.928203230275508 0 5 7.794228634059948 0 0 2 194 -1048 
1627 4.5 9.526279441628823 0 5.5 9.526279441628825 0 0 2 1049 -205 
1629 4.5 9.526279441628823 0 5 10.39230484541326 0 0 2 206 -1049 
1632 4 9.526279441628823 0 4.5 10.39230484541326 0 0 2 145 -1049 
1635 3.5 9.526279441628823 0 4.5 9.526279441628827 0 0 2 140 -1049 
1638 4 8.660254037844387 0 4.5 9.526279441628823 0 0 2 139 -1049 
1641 4.5 8.660254037844387 0 5 9.526279441628823 0 0 2 200 -1049 
1645 4.5 11.2583302491977 0 5.5 11.2583302491977 0 0 2 1050 -211 
1647 4.5 11.2583302491977 0 5 12.12435565298214 0 0 2 212 -1050 
1650 4 11.2583302491977 0 4.5 12.12435565298214 0 0 2 151 -1050 
1653 3.5 11.2583302491977 0 4.5 11.2583302491977 0 0 2 146 -1050 
1656 4 10.39230484541326 0 4.5 11.2583302491977 0 0 2 145 -1050 
1659 4.5 10.39230484541326 0 5 11.2583302491977 0 0 2 206 -1050 
1663 4.5 12.99038105676657 0 5.5 12.99038105676658 0 0 2 1051 -217 
1665 4.5 12.99038105676657 0 5 13.85640646055102 0 0 2 218 -1051 
1668 4 12.99038105676657 0 4.5 13.85640646055102 0 0 2 157 -1051 
1671 3.5 12.99038105676657 0 4.5 12.99038105676658 0 0 2 152 -1051 
1674 4 12.12435565298214 0 4.5 12.99038105676657 0 0 2 151 -1051 
1677 4.5 12.12435565298214 0 5 12.99038105676657 0 0 2 212 -1051 
1681 4.5 14.72243186433546 0 5.5 14.72243186433546 0 0 2 1052 -223 
1683 4.5 14.72243186433546 0 5 15.58845726811989 0 0 2 224 -1052 
1686 4 14.72243186433546 0 4.5 15.58845726811989 0 0 2 225 -1052 
1689 3.5 14.72243186433546 0 4.5 14.72243186433546 0 0 2 158 -1052 
1692 4 13.85640646055102 0 4.5 14.72243186433546 0 0 2 157 -1052 
1695 4.5 13.85640646055102 0 5 14.72243186433546 0 0 2 218 -1052 
1699 6 -3.464101615137754 0 7 -3.464101615137754 0 0 2 1053 -229 
1701 6 -3.464101615137754 0 6.5 -2.598076211353316 0 0 2 230 -1053 
1704 5.5 -3.464101615137754 0 6 -2.598076211353316 0 0 2 163 -1053 
1707 4.999999999999999 -3.464101615137755 0 6 -3.464101615137754 0 0 2 168 -1053 
1710 5.5 -4.330127018922193 0 6 -3.464101615137754 0 0 2 233 -1053 
1713 6 -4.330127018922194 0 6.499999999999999 -3.464101615137754 0 0 2 234 -1053 
1717 6 -1.732050807568877 0 7 -1.732050807568877 0 0 2 1054 -235 
1719 6 -1.732050807568877 0 6.5 -0.8660254037844386 0 0 2 236 -1054 
1722 5.5 -1.732050807568877 0 6 -0.8660254037844388 0 0 2 169 -1054 
1725 5 -1.732050807568877 0 6 -1.732050807568877 0 0 2 164 -1054 
1728 5.5 -2.598076211353316 0 6 -1.732050807568877 0 0 2 163 -1054 
1731 6 -2.598076211353316 0 6.5 -1.732050807568877 0 0 2 230 -1054 
1735 6 0 0 7 0 0 0 2 1055 -241 
1737 6 0 0 6.5 0.8660254037844386 0 0 2 242 -1055 
1740 5.5 0 0 6 0.8660254037844384 0 0 2 175 -1055 
1743 5 -2.220446049250313e-16 0 6 0 0 0 2 170 -1055 
1746 5.5 -0.8660254037844388 0 6 0 0 0 2 169 -1055 
1749 6 -0.8660254037844386 0 6.5 0 0 0 2 236 -1055 
1753 6 1.732050807568878 0 7 1.732050807568878 0 0 2 1056 -247 
1755 6 1.732050807568878 0 6.5 2.598076211353316 0 0 2 248 -1056 
1758 5.5 1.732050807568878 0 6 2.598076211353316 0 0 2 181 -1056 
1761 5 1.732050807568877 0 6 1.732050807568878 0 0 2 176 -1056 
1764 5.5 0.8660254037844384 0 6 1.732050807568878 0 0 2 175 -1056 
1767 6 0.8660254037844386 0 6.5 1.732050807568878 0 0 2 242 -1056 
1771 6 3.464101615137754 0 7 3.464101615137754 0 0 2 1057 -253 
1773 6 3.464101615137754 0 6.5 4.330127018922193 0 0 2 254 -1057 
1776 5.5 3.464101615137754 0 6 4.330127018922193 0 0 2 187 -1057 
1779 5 3.464101615137754 0 6 3.464101615137754 0 0 2 182 -1057 
1782 5.5 2.598076211353316 0 6 3.464101615137754 0 0 2 181 -1057 
1785 6 2.598076211353316 0 6.5 3.464101615137754 0 0 2 248 -1057 
1789 6 5.196152422706631 0 7 5.196152422706631 0 0 2 1058 -259 
1791 6 5.196152422706631 0 6.5 6.06217782649107 0 0 2 260 -1058 
1794 5.5 5.196152422706631 0 6 6.06217782649107 0 0 2 193 -1058 
1797 5 5.196152422706631 0 6 5.196152422706631 0 0 2 188 -1058 
1800 5.5 4.330127018922193 0 6 5.196152422706631 0 0 2 187 -1058 
1803 6 4.330127018922193 0 6.5 5.196152422706631 0 0 2 254 -1058 
1807 6 6.92820323027551 0 7 6.928203230275511 0 0 2 1059 -265 
1809 6 6.928203230275511 0 6.5 7.794228634059948 0 0 2 266 -1059 
1812 5.5 6.928203230275511 0 6 7.794228634059948 0 0 2 199 -1059 
1815 5 6.928203230275508 0 6 6.928203230275511 0 0 2 194 -1059 
1818 5.5 6.06217782649107 0 6 6.928203230275511 0 0 2 193 -1059 
1821 6 6.06217782649107 0 6.5 6.928203230275511 0 0 2 260 -1059 
1825 6 8.660254037844386 0 7 8.660254037844387 0 0 2 1060 -271 
1827 6 8.660254037844387 0 6.5 9.526279441628825 0 0 2 272 -1060 
1830 5.5 8.660254037844387 0 6 9.526279441628825 0 0 2 205 -1060 
1833 5 8.660254037844387 0 6 8.660254037844387 0 0 2 200 -1060 
1836 5.5 7.794228634059948 0 6 8.660254037844387 0 0 2 199 -1060 
1839 6 7.794228634059948 0 6.5 8.660254037844387 0 0 2 266 -1060 
1843 6 10.39230484541326 0 7 10.39230484541327 0 0 2 1061 -277 
1845 6 10.39230484541327 0 6.5 11.2583302491977 0 0 2 278 -1061 
1848 5.5 10.39230484541327 0 6 11.2583302491977 0 0 2 211 -1061 
1851 5 10.39230484541326 0 6 10.39230484541327 0 0 2 206 -1061 
1854 5.5 9.526279441628825 0 6 10.39230484541327 0 0 2 205 -1061 
1857 6 9.526279441628825 0 6.5 10.39230484541327 0 0 2 272 -1061 
1861 6 12.12435565298214 0 7 12.12435565298214 0 0 2 1062 -283 
1863 6 12.12435565298214 0 6.5 12.99038105676658 0 0 2 284 -1062 
1866 5.5 12.12435565298214 0 6 12.99038105676658 0 0 2 217 -1062 
1869 5 12.12435565298214 0 6 12.12435565298214 0 0 2 212 -1062 
1872 5.5 11.2583302491977 0 6 12.12435565298214 0 0 2 211 -1062 
1875 6 11.2583302491977 0 6.5 12.12435565298214 0 0 2 278 -1062 
1879 6 13.85640646055102 0 7 13.85640646055102 0 0 2 1063 -289 
1881 6 13.85640646055102 0 6.5 14.72243186433546 0 0 2 290 -1063 
1884 5.5 13.85640646055102 0 6 14.72243186433546 0 0 2 223 -1063 
1887 5 13.85640646055102 0 6 13.85640646055102 0 0 2 218 -1063 
1890 5.5 12.99038105676658 0 6 13.85640646055102 0 0 2 217 -1063 
1893 6 12.99038105676658 0 6.5 13.85640646055102 0 0 2 284 -1063 
1897 6 15.5884572681199 0 7 15.5884572681199 0 0 2 1064 -295 
1899 6 15.5884572681199 0 6.5 16.45448267190433 0 0 2 296 -1064 
1902 5.5 15.5884572681199 0 6 16.45448267190433 0 0 2 297 -1064 
1905 5 15.58845726811989 0 6 15.5884572681199 0 0 2 224 -1064 
1908 5.5 14.72243186433546 0 6 15.5884572681199 0 0 2 223 -1064 
1911 6 14.72243186433546 0 6.5 15.5884572681199 0 0 2 290 -1064 
1915 7.5 -4.330127018922193 0 8.5 -4.330127018922193 0 0 2 1065 -301 
1917 7.5 -4.330127018922193 0 8 -3.464101615137754 0 0 2 302 -1065 
1920 7 -4.330127018922193 0 7.5 -3.464101615137754 0 0 2 229 -1065 
1923 6.499999999999999 -4.330127018922194 0 7.5 -4.330127018922193 0 0 2 234 -1065 
1926 7 -5.196152422706631 0 7.5 -4.330127018922193 0 0 2 305 -1065 
1929 7.5 -5.196152422706632 0 7.999999999999999 -4.330127018922193 0 0 2 306 -1065 
1933 7.5 -2.598076211353316 0 8.5 -2.598076211353316 0 0 2 1066 -307 
1935 7.5 -2.598076211353316 0 8 -1.732050807568877 0 0 2 308 -1066 
1938 7 -2.598076211353316 0 7.5 -1.732050807568877 0 0 2 235 -1066 
1941 6.5 -2.598076211353316 0 7.5 -2.598076211353316 0 0 2 230 -1066 
1944 7 -3.464101615137754 0 7.5 -2.598076211353316 0 0 2 229 -1066 
1947 7.5 -3.464101615137754 0 8 -2.598076211353316 0 0 2 302 -1066 
1951 7.5 -0.8660254037844384 0 8.5 -0.8660254037844384 0 0 2 1067 -313 
1953 7.5 -0.8660254037844384 0 8 2.220446049250313e-16 0 0 2 314 -1067 
1956 7 -0.8660254037844384 0 7.5 0 0 0 2 241 -1067 
1959 6.5 -0.8660254037844386 0 7.5 -0.8660254037844384 0 0 2 236 -1067 
1962 7 -1.732050807568877 0 7.5 -0.8660254037844384 0 0 2 235 -1067 
1965 7.5 -1.732050807568877 0 8 -0.8660254037844384 0 0 2 308 -1067 
1969 7.5 0.8660254037844392 0 8.5 0.8660254037844393 0 0 2 1068 -319 
1971 7.5 0.8660254037844392 0 8 1.732050807568878 0 0 2 320 -1068 
1974 7 0.8660254037844392 0 7.5 1.732050807568878 0 0 2 247 -1068 
1977 6.5 0.8660254037844386 0 7.5 0.8660254037844392 0 0 2 242 -1068 
1980 7 0 0 7.5 0.8660254037844392 0 0 2 241 -1068 
1983 7.5 2.220446049250313e-16 0 8 0.8660254037844392 0 0 2 314 -1068 
1987 7.5 2.598076211353316 0 8.5 2.598076211353316 0 0 2 1069 -325 
1989 7.5 2.598076211353316 0 8 3.464101615137754 0 0 2 326 -1069 
1992 7 2.598076211353316 0 7.5 3.464101615137754 0 0 2 253 -1069 
1995 6.5 2.598076211353316 0 7.5 2.598076211353316 0 0 2 248 -1069 
1998 7 1.732050807568878 0 7.5 2.598076211353316 0 0 2 247 -1069 
2001 7.5 1.732050807568878 0 8 2.598076211353316 0 0 2 320 -1069 
2005 7.5 4.330127018922192 0 8.5 4.330127018922193 0 0 2 1070 -331 
2007 7.5 4.330127018922192 0 8 5.196152422706631 0 0 2 332 -1070 
2010 7 4.330127018922192 0 7.5 5.196152422706631 0 0 2 259 -1070 
2013 6.5 4.330127018922192 0 7.5 4.330127018922193 0 0 2 254 -1070 
2016 7 3.464101615137754 0 7.5 4.330127018922192 0 0 2 253 -1070 
2019 7.5 3.464101615137754 0 8 4.330127018922192 0 0 2 326 -1070 
2023 7.5 6.06217782649107 0 8.5 6.062177826491071 0 0 2 1071 -337 
2025 7.5 6.06217782649107 0 8 6.92820323027551 0 0 2 338 -1071 
2028 7 6.06217782649107 0 7.5 6.92820323027551 0 0 2 265 -1071 
2031 6.5 6.06217782649107 0 7.5 6.06217782649107 0 0 2 260 -1071 
2034 7 5.196152422706631 0 7.5 6.06217782649107 0 0 2 259 -1071 
2037 7.5 5.196152422706631 0 8 6.06217782649107 0 0 2 332 -1071 
2041 7.5 7.794228634059948 0 8.5 7.794228634059948 0 0 2 1072 -343 
2043 7.5 7.794228634059948 0 8 8.660254037844387 0 0 2 344 -1072 
2046 7 7.794228634059948 0 7.5 8.660254037844386 0 0 2 271 -1072 
2049 6.5 7.794228634059948 0 7.5 7.794228634059948 0 0 2 266 -1072 
2052 7 6.92820323027551 0 7.5 7.794228634059948 0 0 2 265 -1072 
2055 7.5 6.92820323027551 0 8 7.794228634059948 0 0 2 338 -1072 
2059 7.5 9.526279441628823 0 8.5 9.526279441628825 0 0 2 1073 -349 
2061 7.5 9.526279441628823 0 8 10.39230484541326 0 0 2 350 -1073 
2064 7 9.526279441628823 0 7.5 10.39230484541326 0 0 2 277 -1073 
2067 6.5 9.526279441628823 0 7.5 9.526279441628825 0 0 2 272 -1073 
2070 7 8.660254037844386 0 7.5 9.526279441628823 0 0 2 271 -1073 
2073 7.5 8.660254037844387 0 8 9.526279441628823 0 0 2 344 -1073 
2077 7.5 11.2583302491977 0 8.5 11.2583302491977 0 0 2 1074 -355 
2079 7.5 11.2583302491977 0 8 12.12435565298214 0 0 2 356 -1074 
2082 7 11.2583302491977 0 7.5 12.12435565298214 0 0 2 283 -1074 
2085 6.5 11.2583302491977 0 7.5 11.2583302491977 0 0 2 278 -1074 
2088 7 10.39230484541326 0 7.5 11.2583302491977 0 0 2 277 -1074 
2091 7.5 10.39230484541326 0 8 11.2583302491977 0 0 2 350 -1074 
2095 7.5 12.99038105676657 0 8.5 12.99038105676658 0 0 2 1075 -361 
2097 7.5 12.99038105676657 0 8 13.85640646055102 0 0 2 362 -1075 
2100 7 12.99038105676657 0 7.5 13.85640646055102 0 0 2 289 -1075 
2103 6.5 12.99038105676657 0 7.5 12.99038105676658 0 0 2 284 -1075 
2106 7 12.12435565298214 0 7.5 12.99038105676657 0 0 2 283 -1075 
2109 7.5 12.12435565298214 0 8 12.99038105676657 0 0 2 356 -1075 
2113 7.5 14.72243186433546 0 8.5 14.72243186433546 0 0 2 1076 -367 
2115 7.5 14.72243186433546 0 8 15.5884572681199 0 0 2 368 -1076 
2118 7 14.72243186433546 0 7.5 15.5884572681199 0 0 2 295 -1076 
2121 6.5 14.72243186433546 0 7.5 14.72243186433546 0 0 2 290 -1076 
2124 7 13.85640646055102 0 7.5 14.72243186433546 0 0 2 289 -1076 
2127 7.5 13.85640646055102 0 8 14.72243186433546 0 0 2 362 -1076 
2131 7.5 16.45448267190433 0 8.5 16.45448267190434 0 0 2 1077 -373 
2133 7.5 16.45448267190433 0 8 17.32050807568877 0 0 2 374 -1077 
2136 7 16.45448267190433 0 7.5 17.32050807568877 0 0 2 375 -1077 
2139 6.5 16.45448267190433 0 7.5 16.45448267190433 0 0 2 296 -1077 
2142 7 15.5884572681199 0 7.5 16.45448267190433 0 0 2 295 -1077 
2145 7.5 15.5884572681199 0 8 16.45448267190433 0 0 2 368 -1077 
2149 9 -5.196152422706631 0 10 -5.196152422706631 0 0 2 1078 -379 
2151 9 -5.196152422706631 0 9.5 -4.330127018922193 0 0 2 380 -1078 
2154 8.5 -5.196152422706631 0 9 -4.330127018922193 0 0 2 301 -1078 
2157 7.999999999999999 -5.196152422706632 0 9 -5.196152422706631 0 0 2 306 -1078 
2160 8.5 -6.06217782649107 0 9 -5.196152422706631 0 0 2 383 -1078 
2163 9 -6.06217782649107 0 9.5 -5.196152422706631 0 0 2 384 -1078 
2167 9 -3.464101615137754 0 10 -3.464101615137753 0 0 2 1079 -385 
2169 9 -3.464101615137753 0 9.5 -2.598076211353315 0 0 2 386 -1079 
2172 8.5 -3.464101615137753 0 9 -2.598076211353316 0 0 2 307 -1079 
2175 8 -3.464101615137754 0 9 -3.464101615137753 0 0 2 302 -1079 
2178 8.5 -4.330127018922193 0 9 -3.464101615137753 0 0 2 301 -1079 
2181 9 -4.330127018922193 0 9.5 -3.464101615137753 0 0 2 380 -1079 
2185 9 -1.732050807568877 0 10 -1.732050807568877 0 0 2 1080 -391 
2187 9 -1.732050807568877 0 9.5 -0.8660254037844382 0 0 2 392 -1080 
2190 8.5 -1.732050807568877 0 9 -0.8660254037844384 0 0 2 313 -1080 
2193 8 -1.732050807568877 0 9 -1.732050807568877 0 0 2 308 -1080 
2196 8.5 -2.598076211353316 0 9 -1.732050807568877 0 0 2 307 -1080 
2199 9 -2.598076211353315 0 9.5 -1.732050807568877 0 0 2 386 -1080 
2203 9 8.881784197001252e-16 0 10 8.881784197001252e-16 0 0 2 1081 -397 
2205 9 8.881784197001252e-16 0 9.5 0.8660254037844395 0 0 2 398 -1081 
2208 8.5 8.881784197001252e-16 0 9 0.8660254037844393 0 0 2 319 -1081 
2211 8 2.220446049250313e-16 0 9 8.881784197001252e-16 0 0 2 314 -1081 
2214 8.5 -0.8660254037844384 0 9 8.881784197001252e-16 0 0 2 313 -1081 
2217 9 -0.8660254037844382 0 9.5 8.881784197001252e-16 0 0 2 392 -1081 
2221 9 1.732050807568878 0 10 1.732050807568878 0 0 2 1082 -403 
2223 9 1.732050807568878 0 9.5 2.598076211353316 0 0 2 404 -1082 
2226 8.5 1.732050807568878 0 9 2.598076211353316 0 0 2 325 -1082 
2229 8 1.732050807568878 0 9 1.732050807568878 0 0 2 320 -1082 
2232 8.5 0.8660254037844393 0 9 1.732050807568878 0 0 2 319 -1082 
2235 9 0.8660254037844395 0 9.5 1.732050807568878 0 0 2 398 -1082 
2239 9 3.464101615137754 0 10 3.464101615137754 0 0 2 1083 -409 
2241 9 3.464101615137754 0 9.5 4.330127018922193 0 0 2 410 -1083 
2244 8.5 3.464101615137754 0 9 4.330127018922193 0 0 2 331 -1083 
2247 8 3.464101615137754 0 9 3.464101615137754 0 0 2 326 -1083 
2250 8.5 2.598076211353316 0 9 3.464101615137754 0 0 2 325 -1083 
2253 9 2.598076211353316 0 9.5 3.464101615137754 0 0 2 404 -1083 
2257 9 5.196152422706633 0 10 5.196152422706633 0 0 2 1084 -415 
2259 9 5.196152422706633 0 9.5 6.062177826491071 0 0 2 416 -1084 
2262 8.5 5.196152422706633 0 9 6.062177826491071 0 0 2 337 -1084 
2265 8 5.196152422706631 0 9 5.196152422706633 0 0 2 332 -1084 
2268 8.5 4.330127018922193 0 9 5.196152422706633 0 0 2 331 -1084 
2271 9 4.330127018922193 0 9.5 5.196152422706633 0 0 2 410 -1084 
2275 9 6.92820323027551 0 10 6.928203230275511 0 0 2 1085 -421 
2277 9 6.928203230275511 0 9.5 7.794228634059948 0 0 2 422 -1085 
2280 8.5 6.928203230275511 0 9 7.794228634059948 0 0 2 343 -1085 
2283 8 6.92820323027551 0 9 6.928203230275511 0 0 2 338 -1085 
2286 8.5 6.062177826491071 0 9 6.928203230275511 0 0 2 337 -1085 
2289 9 6.062177826491071 0 9.5 6.928203230275511 0 0 2 416 -1085 
2293 9 8.660254037844386 0 10 8.660254037844387 0 0 2 1086 -427 
2295 9 8.660254037844387 0 9.5 9.526279441628825 0 0 2 428 -1086 
2298 8.5 8.660254037844387 0 9 9.526279441628825 0 0 2 349 -1086 
2301 8 8.660254037844387 0 9 8.660254037844387 0 0 2 344 -1086 
2304 8.5 7.794228634059948 0 9 8.660254037844387 0 0 2 343 -1086 
2307 9 7.794228634059948 0 9.5 8.660254037844387 0 0 2 422 -1086 
2311 9 10.39230484541326 0 10 10.39230484541327 0 0 2 1087 -433 
2313 9 10.39230484541327 0 9.5 11.2583302491977 0 0 2 434 -1087 
2316 8.5 10.39230484541327 0 9 11.2583302491977 0 0 2 355 -1087 
2319 8 10.39230484541326 0 9 10.39230484541327 0 0 2 350 -1087 
2322 8.5 9.526279441628825 0 9 10.39230484541327 0 0 2 349 -1087 
2325 9 9.526279441628825 0 9.5 10.39230484541327 0 0 2 428 -1087 
2329 9 12.12435565298214 0 10 12.12435565298214 0 0 2 1088 -439 
2331 9 12.12435565298214 0 9.5 12.99038105676658 0 0 2 440 -1088 
2334 8.5 12.12435565298214 0 9 12.99038105676658 0 0 2 361 -1088 
2337 8 12.12435565298214 0 9 12.12435565298214 0 0 2 356 -1088 
2340 8.5 11.2583302491977 0 9 12.12435565298214 0 0 2 355 -1088 
2343 9 11.2583302491977 0 9.5 12.12435565298214 0 0 2 434 -1088 
2347 9 13.85640646055102 0 10 13.85640646055102 0 0 2 1089 -445 
2349 9 13.85640646055102 0 9.5 14.72243186433546 0 0 2 446 -1089 
2352 8.5 13.85640646055102 0 9 14.72243186433546 0 0 2 367 -1089 
2355 8 13.85640646055102 0 9 13.85640646055102 0 0 2 362 -1089 
2358 8.5 12.99038105676658 0 9 13.85640646055102 0 0 2 361 -1089 
2361 9 12.99038105676658 0 9.5 13.85640646055102 0 0 2 440 -1089 
2365 9 15.5884572681199 0 10 15.5884572681199 0 0 2 1090 -451 
2367 9 15.5884572681199 0 9.5 16.45448267190433 0 0 2 452 -1090 
2370 8.5 15.5884572681199 0 9 16.45448267190434 0 0 2 373 -1090 
2373 8 15.5884572681199 0 9 15.5884572681199 0 0 2 368 -1090 
2376 8.5 14.72243186433546 0 9 15.5884572681199 0 0 2 367 -1090 
2379 9 14.72243186433546 0 9.5 15.5884572681199 0 0 2 446 -1090 
2383 9 17.32050807568877 0 10 17.32050807568877 0 0 2 1091 -457 
2385 9 17.32050807568877 0 9.5 18.18653347947321 0 0 2 458 -1091 
2388 8.5 17.32050807568877 0 9 18.18653347947321 0 0 2 459 -1091 
2391 8 17.32050807568877 0 9 17.32050807568877 0 0 2 374 -1091 
2394 8.5 16.45448267190434 0 9 17.32050807568877 0 0 2 373 -1091 
2397 9 16.45448267190433 0 9.5 17.32050807568877 0 0 2 452 -1091 
2401 10.5 -6.06217782649107 0 11.5 -6.06217782649107 0 0 2 1092 -463 
2403 10.5 -6.06217782649107 0 11 -5.196152422706631 0 0 2 464 -1092 
2406 10 -6.06217782649107 0 10.5 -5.196152422706631 0 0 2 379 -1092 
2409 9.5 -6.06217782649107 0 10.5 -6.06217782649107 0 0 2 384 -1092 
2412 10 -6.928203230275508 0 10.5 -6.06217782649107 0 0 2 467 -1092 
2415 10.5 -6.928203230275509 0 11 -6.06217782649107 0 0 2 468 -1092 
2419 10.5 -4.330127018922193 0 11.5 -4.330127018922193 0 0 2 1093 -469 
2421 10.5 -4.330127018922193 0 11 -3.464101615137754 0 0 2 470 -1093 
2424 10 -4.330127018922193 0 10.5 -3.464101615137754 0 0 2 385 -1093 
2427 9.5 -4.330127018922193 0 10.5 -4.330127018922193 0 0 2 380 -1093 
2430 10 -5.196152422706631 0 10.5 -4.330127018922193 0 0 2 379 -1093 
2433 10.5 -5.196152422706631 0 11 -4.330127018922193 0 0 2 464 -1093 
2437 10.5 -2.598076211353315 0 11.5 -2.598076211353315 0 0 2 1094 -475 
2439 10.5 -2.598076211353315 0 11 -1.732050807568877 0 0 2 476 -1094 
2442 10 -2.598076211353315 0 10.5 -1.732050807568877 0 0 2 391 -1094 
2445 9.5 -2.598076211353315 0 10.5 -2.598076211353315 0 0 2 386 -1094 
2448 10 -3.464101615137754 0 10.5 -2.598076211353315 0 0 2 385 -1094 
2451 10.5 -3.464101615137754 0 11 -2.598076211353315 0 0 2 470 -1094 
2455 10.5 -0.8660254037844375 0 11.5 -0.8660254037844375 0 0 2 1095 -481 
2457 10.5 -0.8660254037844375 0 11 1.110223024625157e-15 0 0 2 482 -1095 
2460 10 -0.8660254037844375 0 10.5 8.881784197001252e-16 0 0 2 397 -1095 
2463 9.5 -0.8660254037844382 0 10.5 -0.8660254037844375 0 0 2 392 -1095 
2466 10 -1.732050807568877 0 10.5 -0.8660254037844375 0 0 2 391 -1095 
2469 10.5 -1.732050807568877 0 11 -0.8660254037844375 0 0 2 476 -1095 
2473 10.5 0.8660254037844392 0 11.5 0.8660254037844393 0 0 2 1096 -487 
2475 10.5 0.8660254037844392 0 11 1.732050807568878 0 0 2 488 -1096 
2478 10 0.8660254037844392 0 10.5 1.732050807568878 0 0 2 403 -1096 
2481 9.5 0.8660254037844392 0 10.5 0.8660254037844395 0 0 2 398 -1096 
2484 10 8.881784197001252e-16 0 10.5 0.8660254037844392 0 0 2 397 -1096 
2487 10.5 1.110223024625157e-15 0 11 0.8660254037844392 0 0 2 482 -1096 
2491 10.5 2.598076211353316 0 11.5 2.598076211353316 0 0 2 1097 -493 
2493 10.5 2.598076211353316 0 11 3.464101615137754 0 0 2 494 -1097 
2496 10 2.598076211353316 0 10.5 3.464101615137754 0 0 2 409 -1097 
2499 9.5 2.598076211353316 0 10.5 2.598076211353316 0 0 2 404 -1097 
2502 10 1.732050807568878 0 10.5 2.598076211353316 0 0 2 403 -1097 
2505 10.5 1.732050807568878 0 11 2.598076211353316 0 0 2 488 -1097 
2509 10.5 4.330127018922195 0 11.5 4.330127018922195 0 0 2 1098 -499 
2511 10.5 4.330127018922195 0 11 5.196152422706633 0 0 2 500 -1098 
2514 10 4.330127018922195 0 10.5 5.196152422706633 0 0 2 415 -1098 
2517 9.5 4.330127018922193 0 10.5 4.330127018922195 0 0 2 410 -1098 
2520 10 3.464101615137754 0 10.5 4.330127018922195 0 0 2 409 -1098 
2523 10.5 3.464101615137754 0 11 4.330127018922195 0 0 2 494 -1098 
2527 10.5 6.06217782649107 0 11.5 6.062177826491071 0 0 2 1099 -505 
2529 10.5 6.06217782649107 0 11 6.92820323027551 0 0 2 506 -1099 
2532 10 6.06217782649107 0 10.5 6.92820323027551 0 0 2 421 -1099 
2535 9.5 6.06217782649107 0 10.5 6.062177826491071 0 0 2 416 -1099 
2538 10 5.196152422706633 0 10.5 6.06217782649107 0 0 2 415 -1099 
2541 10.5 5.196152422706633 0 11 6.06217782649107 0 0 2 500 -1099 
2545 10.5 7.794228634059948 0 11.5 7.794228634059948 0 0 2 1100 -511 
2547 10.5 7.794228634059948 0 11 8.660254037844387 0 0 2 512 -1100 
2550 10 7.794228634059948 0 10.5 8.660254037844386 0 0 2 427 -1100 
2553 9.5 7.794228634059948 0 10.5 7.794228634059948 0 0 2 422 -1100 
2556 10 6.92820323027551 0 10.5 7.794228634059948 0 0 2 421 -1100 
2559 10.5 6.92820323027551 0 11 7.794228634059948 0 0 2 506 -1100 
2563 10.5 9.526279441628823 0 11.5 9.526279441628825 0 0 2 1101 -517 
2565 10.5 9.526279441628823 0 11 10.39230484541326 0 0 2 518 -1101 
2568 10 9.526279441628823 0 10.5 10.39230484541326 0 0 2 433 -1101 
2571 9.5 9.526279441628823 0 10.5 9.526279441628825 0 0 2 428 -1101 
2574 10 8.660254037844386 0 10.5 9.526279441628823 0 0 2 427 -1101 
2577 10.5 8.660254037844387 0 11 9.526279441628823 0 0 2 512 -1101 
2581 10.5 11.2583302491977 0 11.5 11.2583302491977 0 0 2 1102 -523 
2583 10.5 11.2583302491977 0 11 12.12435565298214 0 0 2 524 -1102 
2586 10 11.2583302491977 0 10.5 12.12435565298214 0 0 2 439 -1102 
2589 9.5 11.2583302491977 0 10.5 11.2583302491977 0 0 2 434 -1102 
2592 10 10.39230484541326 0 10.5 11.2583302491977 0 0 2 433 -1102 
2595 10.5 10.39230484541326 0 11 11.2583302491977 0 0 2 518 -1102 
2599 10.5 12.99038105676658 0 11.5 12.99038105676658 0 0 2 1103 -529 
2601 10.5 12.99038105676658 0 11 13.85640646055102 0 0 2 530 -1103 
2604 10 12.99038105676658 0 10.5 13.85640646055102 0 0 2 445 -1103 
2607 9.5 12.99038105676658 0 10.5 12.99038105676658 0 0 2 440 -1103 
2610 10 12.12435565298214 0 10.5 12.99038105676658 0 0 2 439 -1103 
2613 10.5 12.12435565298214 0 11 12.99038105676658 0 0 2 524 -1103 
2617 10.5 14.72243186433546 0 11.5 14.72243186433546 0 0 2 1104 -535 
2619 10.5 14.72243186433546 0 11 15.5884572681199 0 0 2 536 -1104 
2622 10 14.72243186433546 0 10.5 15.5884572681199 0 0 2 451 -1104 
2625 9.5 14.72243186433546 0 10.5 14.72243186433546 0 0 2 446 -1104 
2628 10 13.85640646055102 0 10.5 14.72243186433546 0 0 2 445 -1104 
2631 10.5 13.85640646055102 0 11 14.72243186433546 0 0 2 530 -1104 
2635 10.5 16.45448267190433 0 11.5 16.45448267190433 0 0 2 1105 -541 
2637 10.5 16.45448267190433 0 11 17.32050807568877 0 0 2 542 -1105 
2640 10 16.45448267190433 0 10.5 17.32050807568877 0 0 2 457 -1105 
2643 9.5 16.45448267190433 0 10.5 16.45448267190433 0 0 2 452 -1105 
2646 10 15.5884572681199 0 10.5 16.45448267190433 0 0 2 451 -1105 
2649 10.5 15.5884572681199 0 11 16.45448267190433 0 0 2 536 -1105 
2653 10.5 18.18653347947321 0 11.5 18.18653347947321 0 0 2 1106 -547 
2655 10.5 18.18653347947321 0 11 19.05255888325765 0 0 2 548 -1106 
2658 10 18.18653347947321 0 10.5 19.05255888325765 0 0 2 549 -1106 
2661 9.5 18.18653347947321 0 10.5 18.18653347947321 0 0 2 458 -1106 
2664 10 17.32050807568877 0 10.5 18.18653347947321 0 0 2 457 -1106 
2667 10.5 17.32050807568877 0 11 18.18653347947321 0 0 2 542 -1106 
2671 12 -5.196152422706631 0 13 -5.196152422706631 0 0 2 1107 -553 
2673 12 -5.196152422706631 0 12.5 -4.330127018922193 0 0 2 554 -1107 
2676 11.5 -5.196152422706631 0 12 -4.330127018922193 0 0 2 469 -1107 
2679 11 -5.196152422706631 0 12 -5.196152422706631 0 0 2 464 -1107 
2682 11.5 -6.06217782649107 0 12 -5.196152422706631 0 0 2 463 -1107 
2685 12 -6.06217782649107 0 12.5 -5.196152422706631 0 0 2 558 -1107 
2689 12 -3.464101615137754 0 13 -3.464101615137753 0 0 2 1108 -559 
2691 12 -3.464101615137753 0 12.5 -2.598076211353315 0 0 2 560 -1108 
2694 11.5 -3.464101615137753 0 12 -2.598076211353315 0 0 2 475 -1108 
2697 11 -3.464101615137754 0 12 -3.464101615137753 0 0 2 470 -1108 
2700 11.5 -4.330127018922193 0 12 -3.464101615137753 0 0 2 469 -1108 
2703 12 -4.330127018922193 0 12.5 -3.464101615137753 0 0 2 554 -1108 
2707 12 -1.732050807568877 0 13 -1.732050807568877 0 0 2 1109 -565 
2709 12 -1.732050807568877 0 12.5 -0.8660254037844382 0 0 2 566 -1109 
2712 11.5 -1.732050807568877 0 12 -0.8660254037844375 0 0 2 481 -1109 
2715 11 -1.732050807568877 0 12 -1.732050807568877 0 0 2 476 -1109 
2718 11.5 -2.598076211353315 0 12 -1.732050807568877 0 0 2 475 -1109 
2721 12 -2.598076211353315 0 12.5 -1.732050807568877 0 0 2 560 -1109 
2725 12 8.881784197001252e-16 0 13 8.881784197001252e-16 0 0 2 1110 -571 
2727 12 8.881784197001252e-16 0 12.5 0.8660254037844395 0 0 2 572 -1110 
2730 11.5 8.881784197001252e-16 0 12 0.8660254037844393 0 0 2 487 -1110 
2733 11 8.881784197001252e-16 0 12 1.110223024625157e-15 0 0 2 482 -1110 
2736 11.5 -0.8660254037844375 0 12 8.881784197001252e-16 0 0 2 481 -1110 
2739 12 -0.8660254037844382 0 12.5 8.881784197001252e-16 0 0 2 566 -1110 
2743 12 1.732050807568878 0 13 1.732050807568878 0 0 2 1111 -577 
2745 12 1.732050807568878 0 12.5 2.598076211353316 0 0 2 578 -1111 
2748 11.5 1.732050807568878 0 12 2.598076211353316 0 0 2 493 -1111 
2751 11 1.732050807568878 0 12 1.732050807568878 0 0 2 488 -1111 
2754 11.5 0.8660254037844393 0 12 1.732050807568878 0 0 2 487 -1111 
2757 12 0.8660254037844395 0 12.5 1.732050807568878 0 0 2 572 -1111 
2761 12 3.464101615137754 0 13 3.464101615137754 0 0 2 1112 -583 
2763 12 3.464101615137754 0 12.5 4.330127018922193 0 0 2 584 -1112 
2766 11.5 3.464101615137754 0 12 4.330127018922195 0 0 2 499 -1112 
2769 11 3.464101615137754 0 12 3.464101615137754 0 0 2 494 -1112 
2772 11.5 2.598076211353316 0 12 3.464101615137754 0 0 2 493 -1112 
2775 12 2.598076211353316 0 12.5 3.464101615137754 0 0 2 578 -1112 
2779 12 5.196152422706633 0 13 5.196152422706633 0 0 2 1113 -589 
2781 12 5.196152422706633 0 12.5 6.062177826491071 0 0 2 590 -1113 
2784 11.5 5.196152422706633 0 12 6.062177826491071 0 0 2 505 -1113 
2787 11 5.196152422706633 0 12 5.196152422706633 0 0 2 500 -1113 
2790 11.5 4.330127018922195 0 12 5.196152422706633 0 0 2 499 -1113 
2793 12 4.330127018922193 0 12.5 5.196152422706633 0 0 2 584 -1113 
2797 12 6.92820323027551 0 13 6.928203230275511 0 0 2 1114 -595 
2799 12 6.928203230275511 0 12.5 7.794228634059948 0 0 2 596 -1114 
2802 11.5 6.928203230275511 0 12 7.794228634059948 0 0 2 511 -1114 
2805 11 6.92820323027551 0 12 6.928203230275511 0 0 2 506 -1114 
2808 11.5 6.062177826491071 0 12 6.928203230275511 0 0 2 505 -1114 
2811 12 6.062177826491071 0 12.5 6.928203230275511 0 0 2 590 -1114 
2815 12 8.660254037844386 0 13 8.660254037844387 0 0 2 1115 -601 
2817 12 8.660254037844387 0 12.5 9.526279441628825 0 0 2 602 -1115 
2820 11.5 8.660254037844387 0 12 9.526279441628825 0 0 2 517 -1115 
2823 11 8.660254037844387 0 12 8.660254037844387 0 0 2 512 -1115 
2826 11.5 7.794228634059948 0 12 8.660254037844387 0 0 2 511 -1115 
2829 12 7.794228634059948 0 12.5 8.660254037844387 0 0 2 596 -1115 
2833 12 10.39230484541326 0 13 10.39230484541327 0 0 2 1116 -607 
2835 12 10.39230484541327 0 12.5 11.2583302491977 0 0 2 608 -1116 
2838 11.5 10.39230484541327 0 12 11.2583302491977 0 0 2 523 -1116 
2841 11 10.39230484541326 0 12 10.39230484541327 0 0 2 518 -1116 
2844 11.5 9.526279441628825 0 12 10.39230484541327 0 0 2 517 -1116 
2847 12 9.526279441628825 0 12.5 10.39230484541327 0 0 2 602 -1116 
2851 12 12.12435565298214 0 13 12.12435565298214 0 0 2 1117 -613 
2853 12 12.12435565298214 0 12.5 12.99038105676658 0 0 2 614 -1117 
2856 11.5 12.12435565298214 0 12 12.99038105676658 0 0 2 529 -1117 
2859 11 12.12435565298214 0 12 12.12435565298214 0 0 2 524 -1117 
2862 11.5 11.2583302491977 0 12 12.12435565298214 0 0 2 523 -1117 
2865 12 11.2583302491977 0 12.5 12.12435565298214 0 0 2 608 -1117 
2869 12 13.85640646055102 0 13 13.85640646055102 0 0 2 1118 -619 
2871 12 13.85640646055102 0 12.5 14.72243186433546 0 0 2 620 -1118 
2874 11.5 13.85640646055102 0 12 14.72243186433546 0 0 2 535 -1118 
2877 11 13.85640646055102 0 12 13.85640646055102 0 0 2 530 -1118 
2880 11.5 12.99038105676658 0 12 13.85640646055102 0 0 2 529 -1118 
2883 12 12.99038105676658 0 12.5 13.85640646055102 0 0 2 614 -1118 
2887 12 15.5884572681199 0 13 15.5884572681199 0 0 2 1119 -625 
2889 12 15.5884572681199 0 12.5 16.45448267190433 0 0 2 626 -1119 
2892 11.5 15.5884572681199 0 12 16.45448267190433 0 0 2 541 -1119 
2895 11 15.5884572681199 0 12 15.5884572681199 0 0 2 536 -1119 
2898 11.5 14.72243186433546 0 12 15.5884572681199 0 0 2 535 -1119 
2901 12 14.72243186433546 0 12.5 15.5884572681199 0 0 2 620 -1119 
2905 12 17.32050807568877 0 13 17.32050807568877 0 0 2 1120 -631 
2907 12 17.32050807568877 0 12.5 18.18653347947321 0 0 2 632 -1120 
2910 11.5 17.32050807568877 0 12 18.18653347947321 0 0 2 547 -1120 
2913 11 17.32050807568877 0 12 17.32050807568877 0 0 2 542 -1120 
2916 11.5 16.45448267190433 0 12 17.32050807568877 0 0 2 541 -1120 
2919 12 16.45448267190433 0 12.5 17.32050807568877 0 0 2 626 -1120 
2923 13.5 -4.330127018922193 0 14.5 -4.330127018922193 0 0 2 1121 -637 
2925 13.5 -4.330127018922193 0 14 -3.464101615137754 0 0 2 638 -1121 
2928 13 -4.330127018922193 0 13.5 -3.464101615137754 0 0 2 559 -1121 
2931 12.5 -4.330127018922193 0 13.5 -4.330127018922193 0 0 2 554 -1121 
2934 13 -5.196152422706631 0 13.5 -4.330127018922193 0 0 2 553 -1121 
2937 13.5 -5.196152422706632 0 14 -4.330127018922193 0 0 2 642 -1121 
2941 13.5 -2.598076211353316 0 14.5 -2.598076211353316 0 0 2 1122 -643 
2943 13.5 -2.598076211353316 0 14 -1.732050807568877 0 0 2 644 -1122 
2946 13 -2.598076211353316 0 13.5 -1.732050807568877 0 0 2 565 -1122 
2949 12.5 -2.598076211353316 0 13.5 -2.598076211353315 0 0 2 560 -1122 
2952 13 -3.464101615137754 0 13.5 -2.598076211353316 0 0 2 559 -1122 
2955 13.5 -3.464101615137754 0 14 -2.598076211353316 0 0 2 638 -1122 
2959 13.5 -0.8660254037844384 0 14.5 -0.8660254037844384 0 0 2 1123 -649 
2961 13.5 -0.8660254037844384 0 14 2.220446049250313e-16 0 0 2 650 -1123 
2964 13 -0.8660254037844384 0 13.5 8.881784197001252e-16 0 0 2 571 -1123 
2967 12.5 -0.8660254037844384 0 13.5 -0.8660254037844382 0 0 2 566 -1123 
2970 13 -1.732050807568877 0 13.5 -0.8660254037844384 0 0 2 565 -1123 
2973 13.5 -1.732050807568877 0 14 -0.8660254037844384 0 0 2 644 -1123 
2977 13.5 0.8660254037844392 0 14.5 0.8660254037844393 0 0 2 1124 -655 
2979 13.5 0.8660254037844392 0 14 1.732050807568878 0 0 2 656 -1124 
2982 13 0.8660254037844392 0 13.5 1.732050807568878 0 0 2 577 -1124 
2985 12.5 0.8660254037844392 0 13.5 0.8660254037844395 0 0 2 572 -1124 
2988 13 8.881784197001252e-16 0 13.5 0.8660254037844392 0 0 2 571 -1124 
2991 13.5 2.220446049250313e-16 0 14 0.8660254037844392 0 0 2 650 -1124 
2995 13.5 2.598076211353316 0 14.5 2.598076211353316 0 0 2 1125 -661 
2997 13.5 2.598076211353316 0 14 3.464101615137754 0 0 2 662 -1125 
3000 13 2.598076211353316 0 13.5 3.464101615137754 0 0 2 583 -1125 
3003 12.5 2.598076211353316 0 13.5 2.598076211353316 0 0 2 578 -1125 
3006 13 1.732050807568878 0 13.5 2.598076211353316 0 0 2 577 -1125 
3009 13.5 1.732050807568878 0 14 2.598076211353316 0 0 2 656 -1125 
3013 13.5 4.330127018922192 0 14.5 4.330127018922193 0 0 2 1126 -667 
3015 13.5 4.330127018922192 0 14 5.196152422706631 0 0 2 668 -1126 
3018 13 4.330127018922192 0 13.5 5.196152422706633 0 0 2 589 -1126 
3021 12.5 4.330127018922192 0 13.5 4.330127018922193 0 0 2 584 -1126 
3024 13 3.464101615137754 0 13.5 4.330127018922192 0 0 2 583 -1126 
3027 13.5 3.464101615137754 0 14 4.330127018922192 0 0 2 662 -1126 
3031 13.5 6.06217782649107 0 14.5 6.062177826491071 0 0 2 1127 -673 
3033 13.5 6.06217782649107 0 14 6.92820323027551 0 0 2 674 -1127 
3036 13 6.06217782649107 0 13.5 6.92820323027551 0 0 2 595 -1127 
3039 12.5 6.06217782649107 0 13.5 6.062177826491071 0 0 2 590 -1127 
3042 13 5.196152422706633 0 13.5 6.06217782649107 0 0 2 589 -1127 
3045 13.5 5.196152422706631 0 14 6.06217782649107 0 0 2 668 -1127 
3049 13.5 7.794228634059948 0 14.5 7.794228634059948 0 0 2 1128 -679 
3051 13.5 7.794228634059948 0 14 8.660254037844387 0 0 2 680 -1128 
3054 13 7.794228634059948 0 13.5 8.660254037844386 0 0 2 601 -1128 
3057 12.5 7.794228634059948 0 13.5 7.794228634059948 0 0 2 596 -1128 
3060 13 6.92820323027551 0 13.5 7.794228634059948 0 0 2 595 -1128 
3063 13.5 6.92820323027551 0 14 7.794228634059948 0 0 2 674 -1128 
3067 13.5 9.526279441628823 0 14.5 9.526279441628825 0 0 2 1129 -685 
3069 13.5 9.526279441628823 0 14 10.39230484541326 0 0 2 686 -1129 
3072 13 9.526279441628823 0 13.5 10.39230484541326 0 0 2 607 -1129 
3075 12.5 9.526279441628823 0 13.5 9.526279441628825 0 0 2 602 -1129 
3078 13 8.660254037844386 0 13.5 9.526279441628823 0 0 2 601 -1129 
3081 13.5 8.660254037844387 0 14 9.526279441628823 0 0 2 680 -1129 
3085 13.5 11.2583302491977 0 14.5 11.2583302491977 0 0 2 1130 -691 
3087 13.5 11.2583302491977 0 14 12.12435565298214 0 0 2 692 -1130 
3090 13 11.2583302491977 0 13.5 12.12435565298214 0 0 2 613 -1130 
3093 12.5 11.2583302491977 0 13.5 11.2583302491977 0 0 2 608 -1130 
3096 13 10.39230484541326 0 13.5 11.2583302491977 0 0 2 607 -1130 
3099 13.5 10.39230484541326 0 14 11.2583302491977 0 0 2 686 -1130 
3103 13.5 12.99038105676657 0 14.5 12.99038105676658 0 0 2 1131 -697 
3105 13.5 12.99038105676657 0 14 13.85640646055102 0 0 2 698 -1131 
3108 13 12.99038105676657 0 13.5 13.85640646055102 0 0 2 619 -1131 
3111 12.5 12.99038105676657 0 13.5 12.99038105676658 0 0 2 614 -1131 
3114 13 12.12435565298214 0 13.5 12.99038105676657 0 0 2 613 -1131 
3117 13.5 12.12435565298214 0 14 12.99038105676657 0 0 2 692 -1131 
3121 13.5 14.72243186433546 0 14.5 14.72243186433546 0 0 2 1132 -703 
3123 13.5 14.72243186433546 0 14 15.5884572681199 0 0 2 704 -1132 
3126 13 14.72243186433546 0 13.5 15.5884572681199 0 0 2 625 -1132 
3129 12.5 14.72243186433546 0 13.5 14.72243186433546 0 0 2 620 -1132 
3132 13 13.85640646055102 0 13.5 14.72243186433546 0 0 2 619 -1132 
3135 13.5 13.85640646055102 0 14 14.72243186433546 0 0 2 698 -1132 
3139 13.5 16.45448267190433 0 14.5 16.45448267190434 0 0 2 1133 -709 
3141 13.5 16.45448267190433 0 14 17.32050807568877 0 0 2 710 -1133 
3144 13 16.45448267190433 0 13.5 17.32050807568877 0 0 2 631 -1133 
3147 12.5 16.45448267190433 0 13.5 16.45448267190433 0 0 2 626 -1133 
3150 13 15.5884572681199 0 13.5 16.45448267190433 0 0 2 625 -1133 
3153 13.5 15.5884572681199 0 14 16.45448267190433 0 0 2 704 -1133 
3157 15 -3.464101615137754 0 16 -3.464101615137754 0 0 2 1134 -715 
3159 15 -3.464101615137754 0 15.5 -2.598076211353316 0 0 2 716 -1134 
3162 14.5 -3.464101615137754 0 15 -2.598076211353316 0 0 2 643 -1134 
3165 14 -3.464101615137754 0 15 -3.464101615137754 0 0 2 638 -1134 
3168 14.5 -4.330127018922193 0 15 -3.464101615137754 0 0 2 637 -1134 
3171 15 -4.330127018922194 0 15.5 -3.464101615137754 0 0 2 720 -1134 
3175 15 -1.732050807568877 0 16 -1.732050807568877 0 0 2 1135 -721 
3177 15 -1.732050807568877 0 15.5 -0.8660254037844386 0 0 2 722 -1135 
3180 14.5 -1.732050807568877 0 15 -0.8660254037844384 0 0 2 649 -1135 
3183 14 -1.732050807568877 0 15 -1.732050807568877 0 0 2 644 -1135 
3186 14.5 -2.598076211353316 0 15 -1.732050807568877 0 0 2 643 -1135 
3189 15 -2.598076211353316 0 15.5 -1.732050807568877 0 0 2 716 -1135 
3193 15 0 0 16 0 0 0 2 1136 -727 
3195 15 0 0 15.5 0.8660254037844386 0 0 2 728 -1136 
3198 14.5 0 0 15 0.8660254037844393 0 0 2 655 -1136 
3201 14 0 0 15 2.220446049250313e-16 0 0 2 650 -1136 
3204 14.5 -0.8660254037844384 0 15 0 0 0 2 649 -1136 
3207 15 -0.8660254037844386 0 15.5 0 0 0 2 722 -1136 
3211 15 1.732050807568878 0 16 1.732050807568878 0 0 2 1137 -733 
3213 15 1.732050807568878 0 15.5 2.598076211353316 0 0 2 734 -1137 
3216 14.5 1.732050807568878 0 15 2.598076211353316 0 0 2 661 -1137 
3219 14 1.732050807568878 0 15 1.732050807568878 0 0 2 656 -1137 
3222 14.5 0.8660254037844393 0 15 1.732050807568878 0 0 2 655 -1137 
3225 15 0.8660254037844386 0 15.5 1.732050807568878 0 0 2 728 -1137 
3229 15 3.464101615137754 0 16 3.464101615137754 0 0 2 1138 -739 
3231 15 3.464101615137754 0 15.5 4.330127018922193 0 0 2 740 -1138 
3234 14.5 3.464101615137754 0 15 4.330127018922193 0 0 2 667 -1138 
3237 14 3.464101615137754 0 15 3.464101615137754 0 0 2 662 -1138 
3240 14.5 2.598076211353316 0 15 3.464101615137754 0 0 2 661 -1138 
3243 15 2.598076211353316 0 15.5 3.464101615137754 0 0 2 734 -1138 
3247 15 5.196152422706631 0 16 5.196152422706631 0 0 2 1139 -745 
3249 15 5.196152422706631 0 15.5 6.06217782649107 0 0 2 746 -1139 
3252 14.5 5.196152422706631 0 15 6.062177826491071 0 0 2 673 -1139 
3255 14 5.196152422706631 0 15 5.196152422706631 0 0 2 668 -1139 
3258 14.5 4.330127018922193 0 15 5.196152422706631 0 0 2 667 -1139 
3261 15 4.330127018922193 0 15.5 5.196152422706631 0 0 2 740 -1139 
3265 15 6.92820323027551 0 16 6.928203230275511 0 0 2 1140 -751 
3267 15 6.928203230275511 0 15.5 7.794228634059948 0 0 2 752 -1140 
3270 14.5 6.928203230275511 0 15 7.794228634059948 0 0 2 679 -1140 
3273 14 6.92820323027551 0 15 6.928203230275511 0 0 2 674 -1140 
3276 14.5 6.062177826491071 0 15 6.928203230275511 0 0 2 673 -1140 
3279 15 6.06217782649107 0 15.5 6.928203230275511 0 0 2 746 -1140 
3283 15 8.660254037844386 0 16 8.660254037844387 0 0 2 1141 -757 
3285 15 8.660254037844387 0 15.5 9.526279441628825 0 0 2 758 -1141 
3288 14.5 8.660254037844387 0 15 9.526279441628825 0 0 2 685 -1141 
3291 14 8.660254037844387 0 15 8.660254037844387 0 0 2 680 -1141 
3294 14.5 7.794228634059948 0 15 8.660254037844387 0 0 2 679 -1141 
3297 15 7.794228634059948 0 15.5 8.660254037844387 0 0 2 752 -1141 
3301 15 10.39230484541326 0 16 10.39230484541327 0 0 2 1142 -763 
3303 15 10.39230484541327 0 15.5 11.2583302491977 0 0 2 764 -1142 
3306 14.5 10.39230484541327 0 15 11.2583302491977 0 0 2 691 -1142 
3309 14 10.39230484541326 0 15 10.39230484541327 0 0 2 686 -1142 
3312 14.5 9.526279441628825 0 15 10.39230484541327 0 0 2 685 -1142 
3315 15 9.526279441628825 0 15.5 10.39230484541327 0 0 2 758 -1142 
3319 15 12.12435565298214 0 16 12.12435565298214 0 0 2 1143 -769 
3321 15 12.12435565298214 0 15.5 12.99038105676658 0 0 2 770 -1143 
3324 14.5 12.12435565298214 0 15 12.99038105676658 0 0 2 697 -1143 
3327 14 12.12435565298214 0 15 12.12435565298214 0 0 2 692 -1143 
3330 14.5 11.2583302491977 0 15 12.12435565298214 0 0 2 691 -1143 
3333 15 11.2583302491977 0 15.5 12.12435565298214 0 0 2 764 -1143 
3337 15 13.85640646055102 0 16 13.85640646055102 0 0 2 1144 -775 
3339 15 13.85640646055102 0 15.5 14.72243186433546 0 0 2 776 -1144 
3342 14.5 13.85640646055102 0 15 14.72243186433546 0 0 2 703 -1144 
3345 14 13.85640646055102 0 15 13.85640646055102 0 0 2 698 -1144 
3348 14.5 12.99038105676658 0 15 13.85640646055102 0 0 2 697 -1144 
3351 15 12.99038105676658 0 15.5 13.85640646055102 0 0 2 770 -1144 
3355 15 15.5884572681199 0 16 15.5884572681199 0 0 2 1145 -781 
3357 15 15.5884572681199 0 15.5 16.45448267190433 0 0 2 782 -1145 
3360 14.5 15.5884572681199 0 15 16.45448267190434 0 0 2 709 -1145 
3363 14 15.5884572681199 0 15 15.5884572681199 0 0 2 704 -1145 
3366 14.5 14.72243186433546 0 15 15.5884572681199 0 0 2 703 -1145 
3369 15 14.72243186433546 0 15.5 15.5884572681199 0 0 2 776 -1145 
3373 16.5 -2.598076211353316 0 17.5 -2.598076211353316 0 0 2 1146 -787 
3375 16.5 -2.598076211353316 0 17 -1.732050807568877 0 0 2 788 -1146 
3378 16 -2.598076211353316 0 16.5 -1.732050807568877 0 0 2 721 -1146 
3381 15.5 -2.598076211353316 0 16.5 -2.598076211353316 0 0 2 716 -1146 
3384 16 -3.464101615137754 0 16.5 -2.598076211353316 0 0 2 715 -1146 
3387 16.5 -3.464101615137755 0 17 -2.598076211353316 0 0 2 792 -1146 
3391 16.5 -0.8660254037844388 0 17.5 -0.8660254037844388 0 0 2 1147 -793 
3393 16.5 -0.8660254037844388 0 17 -2.220446049250313e-16 0 0 2 794 -1147 
3396 16 -0.8660254037844388 0 16.5 0 0 0 2 727 -1147 
3399 15.5 -0.8660254037844388 0 16.5 -0.8660254037844386 0 0 2 722 -1147 
3402 16 -1.732050807568877 0 16.5 -0.8660254037844388 0 0 2 721 -1147 
3405 16.5 -1.732050807568877 0 17 -0.8660254037844388 0 0 2 788 -1147 
3409 16.5 0.8660254037844384 0 17.5 0.8660254037844384 0 0 2 1148 -799 
3411 16.5 0.8660254037844384 0 17 1.732050807568877 0 0 2 800 -1148 
3414 16 0.8660254037844384 0 16.5 1.732050807568878 0 0 2 733 -1148 
3417 15.5 0.8660254037844384 0 16.5 0.8660254037844386 0 0 2 728 -1148 
3420 16 0 0 16.5 0.8660254037844384 0 0 2 727 -1148 
3423 16.5 -2.220446049250313e-16 0 17 0.8660254037844384 0 0 2 794 -1148 
3427 16.5 2.598076211353316 0 17.5 2.598076211353316 0 0 2 1149 -805 
3429 16.5 2.598076211353316 0 17 3.464101615137754 0 0 2 806 -1149 
3432 16 2.598076211353316 0 16.5 3.464101615137754 0 0 2 739 -1149 
3435 15.5 2.598076211353316 0 16.5 2.598076211353316 0 0 2 734 -1149 
3438 16 1.732050807568878 0 16.5 2.598076211353316 0 0 2 733 -1149 
3441 16.5 1.732050807568877 0 17 2.598076211353316 0 0 2 800 -1149 
3445 16.5 4.330127018922192 0 17.5 4.330127018922193 0 0 2 1150 -811 
3447 16.5 4.330127018922192 0 17 5.196152422706631 0 0 2 812 -1150 
3450 16 4.330127018922192 0 16.5 5.196152422706631 0 0 2 745 -1150 
3453 15.5 4.330127018922192 0 16.5 4.330127018922193 0 0 2 740 -1150 
3456 16 3.464101615137754 0 16.5 4.330127018922192 0 0 2 739 -1150 
3459 16.5 3.464101615137754 0 17 4.330127018922192 0 0 2 806 -1150 
3463 16.5 6.06217782649107 0 17.5 6.06217782649107 0 0 2 1151 -817 
3465 16.5 6.06217782649107 0 17 6.928203230275508 0 0 2 818 -1151 
3468 16 6.06217782649107 0 16.5 6.92820323027551 0 0 2 751 -1151 
3471 15.5 6.06217782649107 0 16.5 6.06217782649107 0 0 2 746 -1151 
3474 16 5.196152422706631 0 16.5 6.06217782649107 0 0 2 745 -1151 
3477 16.5 5.196152422706631 0 17 6.06217782649107 0 0 2 812 -1151 
3481 16.5 7.794228634059948 0 17.5 7.794228634059948 0 0 2 1152 -823 
3483 16.5 7.794228634059948 0 17 8.660254037844387 0 0 2 824 -1152 
3486 16 7.794228634059948 0 16.5 8.660254037844386 0 0 2 757 -1152 
3489 15.5 7.794228634059948 0 16.5 7.794228634059948 0 0 2 752 -1152 
3492 16 6.92820323027551 0 16.5 7.794228634059948 0 0 2 751 -1152 
3495 16.5 6.928203230275508 0 17 7.794228634059948 0 0 2 818 -1152 
3499 16.5 9.526279441628823 0 17.5 9.526279441628825 0 0 2 1153 -829 
3501 16.5 9.526279441628823 0 17 10.39230484541326 0 0 2 830 -1153 
3504 16 9.526279441628823 0 16.5 10.39230484541326 0 0 2 763 -1153 
3507 15.5 9.526279441628823 0 16.5 9.526279441628825 0 0 2 758 -1153 
3510 16 8.660254037844386 0 16.5 9.526279441628823 0 0 2 757 -1153 
3513 16.5 8.660254037844387 0 17 9.526279441628823 0 0 2 824 -1153 
3517 16.5 11.2583302491977 0 17.5 11.2583302491977 0 0 2 1154 -835 
3519 16.5 11.2583302491977 0 17 12.12435565298214 0 0 2 836 -1154 
3522 16 11.2583302491977 0 16.5 12.12435565298214 0 0 2 769 -1154 
3525 15.5 11.2583302491977 0 16.5 11.2583302491977 0 0 2 764 -1154 
3528 16 10.39230484541326 0 16.5 11.2583302491977 0 0 2 763 -1154 
3531 16.5 10.39230484541326 0 17 11.2583302491977 0 0 2 830 -1154 
3535 16.5 12.99038105676657 0 17.5 12.99038105676658 0 0 2 1155 -841 
3537 16.5 12.99038105676657 0 17 13.85640646055102 0 0 2 842 -1155 
3540 16 12.99038105676657 0 16.5 13.85640646055102 0 0 2 775 -1155 
3543 15.5 12.99038105676657 0 16.5 12.99038105676658 0 0 2 770 -1155 
3546 16 12.12435565298214 0 16.5 12.99038105676657 0 0 2 769 -1155 
3549 16.5 12.12435565298214 0 17 12.99038105676657 0 0 2 836 -1155 
3553 16.5 14.72243186433546 0 17.5 14.72243186433546 0 0 2 1156 -847 
3555 16.5 14.72243186433546 0 17 15.58845726811989 0 0 2 848 -1156 
3558 16 14.72243186433546 0 16.5 15.5884572681199 0 0 2 781 -1156 
3561 15.5 14.72243186433546 0 16.5 14.72243186433546 0 0 2 776 -1156 
3564 16 13.85640646055102 0 16.5 14.72243186433546 0 0 2 775 -1156 
3567 16.5 13.85640646055102 0 17 14.72243186433546 0 0 2 842 -1156 
3571 18 -1.732050807568877 0 19 -1.732050807568877 0 0 2 1157 -853 
3573 18 -1.732050807568877 0 18.5 -0.8660254037844388 0 0 2 854 -1157 
3576 17.5 -1.732050807568877 0 18 -0.8660254037844388 0 0 2 793 -1157 
3579 17 -1.732050807568877 0 18 -1.732050807568877 0 0 2 788 -1157 
3582 17.5 -2.598076211353316 0 18 -1.732050807568877 0 0 2 787 -1157 
3585 18 -2.598076211353316 0 18.5 -1.732050807568877 0 0 2 858 -1157 
3589 18 -2.220446049250313e-16 0 19 -1.850371707708594e-16 0 0 2 1158 -859 
3591 18 -2.220446049250313e-16 0 18.5 0.8660254037844384 0 0 2 860 -1158 
3594 17.5 -2.220446049250313e-16 0 18 0.8660254037844384 0 0 2 799 -1158 
3597 17 -2.220446049250313e-16 0 18 -1.850371707708594e-16 0 0 2 794 -1158 
3600 17.5 -0.8660254037844388 0 18 -2.220446049250313e-16 0 0 2 793 -1158 
3603 18 -0.8660254037844388 0 18.5 -2.220446049250313e-16 0 0 2 854 -1158 
3607 18 1.732050807568877 0 19 1.732050807568877 0 0 2 1159 -865 
3609 18 1.732050807568877 0 18.5 2.598076211353316 0 0 2 866 -1159 
3612 17.5 1.732050807568877 0 18 2.598076211353316 0 0 2 805 -1159 
3615 17 1.732050807568877 0 18 1.732050807568877 0 0 2 800 -1159 
3618 17.5 0.8660254037844384 0 18 1.732050807568877 0 0 2 799 -1159 
3621 18 0.8660254037844384 0 18.5 1.732050807568877 0 0 2 860 -1159 
3625 18 3.464101615137754 0 19 3.464101615137754 0 0 2 1160 -871 
3627 18 3.464101615137754 0 18.5 4.330127018922193 0 0 2 872 -1160 
3630 17.5 3.464101615137754 0 18 4.330127018922193 0 0 2 811 -1160 
3633 17 3.464101615137754 0 18 3.464101615137754 0 0 2 806 -1160 
3636 17.5 2.598076211353316 0 18 3.464101615137754 0 0 2 805 -1160 
3639 18 2.598076211353316 0 18.5 3.464101615137754 0 0 2 866 -1160 
3643 18 5.196152422706631 0 19 5.196152422706631 0 0 2 1161 -877 
3645 18 5.196152422706631 0 18.5 6.06217782649107 0 0 2 878 -1161 
3648 17.5 5.196152422706631 0 18 6.06217782649107 0 0 2 817 -1161 
3651 17 5.196152422706631 0 18 5.196152422706631 0 0 2 812 -1161 
3654 17.5 4.330127018922193 0 18 5.196152422706631 0 0 2 811 -1161 
3657 18 4.330127018922193 0 18.5 5.196152422706631 0 0 2 872 -1161 
3661 18 6.928203230275507 0 19 6.928203230275508 0 0 2 1162 -883 
3663 18 6.928203230275507 0 18.5 7.794228634059946 0 0 2 884 -1162 
3666 17.5 6.928203230275507 0 18 7.794228634059948 0 0 2 823 -1162 
3669 17 6.928203230275507 0 18 6.928203230275508 0 0 2 818 -1162 
3672 17.5 6.06217782649107 0 18 6.928203230275507 0 0 2 817 -1162 
3675 18 6.06217782649107 0 18.5 6.928203230275507 0 0 2 878 -1162 
3679 18 8.660254037844387 0 19 8.660254037844387 0 0 2 1163 -889 
3681 18 8.660254037844387 0 18.5 9.526279441628827 0 0 2 890 -1163 
3684 17.5 8.660254037844387 0 18 9.526279441628825 0 0 2 829 -1163 
3687 17 8.660254037844387 0 18 8.660254037844387 0 0 2 824 -1163 
3690 17.5 7.794228634059948 0 18 8.660254037844387 0 0 2 823 -1163 
3693 18 7.794228634059946 0 18.5 8.660254037844387 0 0 2 884 -1163 
3697 18 10.39230484541326 0 19 10.39230484541327 0 0 2 1164 -895 
3699 18 10.39230484541327 0 18.5 11.2583302491977 0 0 2 896 -1164 
3702 17.5 10.39230484541327 0 18 11.2583302491977 0 0 2 835 -1164 
3705 17 10.39230484541326 0 18 10.39230484541327 0 0 2 830 -1164 
3708 17.5 9.526279441628825 0 18 10.39230484541327 0 0 2 829 -1164 
3711 18 9.526279441628827 0 18.5 10.39230484541327 0 0 2 890 -1164 
3715 18 12.12435565298214 0 19 12.12435565298214 0 0 2 1165 -901 
3717 18 12.12435565298214 0 18.5 12.99038105676658 0 0 2 902 -1165 
3720 17.5 12.12435565298214 0 18 12.99038105676658 0 0 2 841 -1165 
3723 17 12.12435565298214 0 18 12.12435565298214 0 0 2 836 -1165 
3726 17.5 11.2583302491977 0 18 12.12435565298214 0 0 2 835 -1165 
3729 18 11.2583302491977 0 18.5 12.12435565298214 0 0 2 896 -1165 
3733 18 13.85640646055102 0 19 13.85640646055102 0 0 2 1166 -907 
3735 18 13.85640646055102 0 18.5 14.72243186433546 0 0 2 908 -1166 
3738 17.5 13.85640646055102 0 18 14.72243186433546 0 0 2 847 -1166 
3741 17 13.85640646055102 0 18 13.85640646055102 0 0 2 842 -1166 
3744 17.5 12.99038105676658 0 18 13.85640646055102 0 0 2 841 -1166 
3747 18 12.99038105676658 0 18.5 13.85640646055102 0 0 2 902 -1166 
3751 19.5 -0.8660254037844388 0 20.5 -0.8660254037844388 0 0 2 1167 -913 
3753 19.5 -0.8660254037844388 0 20 -2.220446049250313e-16 0 0 2 914 -1167 
3756 19 -0.8660254037844388 0 19.5 -2.220446049250313e-16 0 0 2 859 -1167 
3759 18.5 -0.8660254037844388 0 19.5 -0.8660254037844388 0 0 2 854 -1167 
3762 19 -1.732050807568877 0 19.5 -0.8660254037844388 0 0 2 853 -1167 
3765 19.5 -1.732050807568878 0 20 -0.8660254037844388 0 0 2 918 -1167 
3769 19.5 0.8660254037844384 0 20.5 0.8660254037844384 0 0 2 1168 -919 
3771 19.5 0.8660254037844384 0 20 1.732050807568877 0 0 2 920 -1168 
3774 19 0.8660254037844384 0 19.5 1.732050807568877 0 0 2 865 -1168 
3777 18.5 0.8660254037844384 0 19.5 0.8660254037844384 0 0 2 860 -1168 
3780 19 -2.220446049250313e-16 0 19.5 0.8660254037844384 0 0 2 859 -1168 
3783 19.5 -2.220446049250313e-16 0 20 0.8660254037844384 0 0 2 914 -1168 
3787 19.5 2.598076211353316 0 20.5 2.598076211353316 0 0 2 1169 -925 
3789 19.5 2.598076211353316 0 20 3.464101615137754 0 0 2 926 -1169 
3792 19 2.598076211353316 0 19.5 3.464101615137754 0 0 2 871 -1169 
3795 18.5 2.598076211353316 0 19.5 2.598076211353316 0 0 2 866 -1169 
3798 19 1.732050807568877 0 19.5 2.598076211353316 0 0 2 865 -1169 
3801 19.5 1.732050807568877 0 20 2.598076211353316 0 0 2 920 -1169 
3805 19.5 4.330127018922192 0 20.5 4.330127018922193 0 0 2 1170 -931 
3807 19.5 4.330127018922192 0 20 5.196152422706631 0 0 2 932 -1170 
3810 19 4.330127018922192 0 19.5 5.196152422706631 0 0 2 877 -1170 
3813 18.5 4.330127018922192 0 19.5 4.330127018922193 0 0 2 872 -1170 
3816 19 3.464101615137754 0 19.5 4.330127018922192 0 0 2 871 -1170 
3819 19.5 3.464101615137754 0 20 4.330127018922192 0 0 2 926 -1170 
3823 19.5 6.06217782649107 0 20.5 6.06217782649107 0 0 2 1171 -937 
3825 19.5 6.06217782649107 0 20 6.928203230275508 0 0 2 938 -1171 
3828 19 6.06217782649107 0 19.5 6.928203230275508 0 0 2 883 -1171 
3831 18.5 6.06217782649107 0 19.5 6.06217782649107 0 0 2 878 -1171 
3834 19 5.196152422706631 0 19.5 6.06217782649107 0 0 2 877 -1171 
3837 19.5 5.196152422706631 0 20 6.06217782649107 0 0 2 932 -1171 
3841 19.5 7.794228634059945 0 20.5 7.794228634059946 0 0 2 1172 -943 
3843 19.5 7.794228634059945 0 20 8.660254037844386 0 0 2 944 -1172 
3846 19 7.794228634059945 0 19.5 8.660254037844387 0 0 2 889 -1172 
3849 18.5 7.794228634059945 0 19.5 7.794228634059946 0 0 2 884 -1172 
3852 19 6.928203230275508 0 19.5 7.794228634059945 0 0 2 883 -1172 
3855 19.5 6.928203230275508 0 20 7.794228634059945 0 0 2 938 -1172 
3859 19.5 9.526279441628823 0 20.5 9.526279441628825 0 0 2 1173 -949 
3861 19.5 9.526279441628823 0 20 10.39230484541326 0 0 2 950 -1173 
3864 19 9.526279441628823 0 19.5 10.39230484541326 0 0 2 895 -1173 
3867 18.5 9.526279441628823 0 19.5 9.526279441628827 0 0 2 890 -1173 
3870 19 8.660254037844387 0 19.5 9.526279441628823 0 0 2 889 -1173 
3873 19.5 8.660254037844386 0 20 9.526279441628823 0 0 2 944 -1173 
3877 19.5 11.2583302491977 0 20.5 11.2583302491977 0 0 2 1174 -955 
3879 19.5 11.2583302491977 0 20 12.12435565298214 0 0 2 956 -1174 
3882 19 11.2583302491977 0 19.5 12.12435565298214 0 0 2 901 -1174 
3885 18.5 11.2583302491977 0 19.5 11.2583302491977 0 0 2 896 -1174 
3888 19 10.39230484541326 0 19.5 11.2583302491977 0 0 2 895 -1174 
3891 19.5 10.39230484541326 0 20 11.2583302491977 0 0 2 950 -1174 
3895 19.5 12.99038105676657 0 20.5 12.99038105676658 0 0 2 1175 -961 
3897 19.5 12.99038105676657 0 20 13.85640646055102 0 0 2 962 -1175 
3900 19 12.99038105676657 0 19.5 13.85640646055102 0 0 2 907 -1175 
3903 18.5 12.99038105676657 0 19.5 12.99038105676658 0 0 2 902 -1175 
3906 19 12.12435565298214 0 19.5 12.99038105676657 0 0 2 901 -1175 
3909 19.5 12.12435565298214 0 20 12.99038105676657 0 0 2 956 -1175 
3913 21 -2.220446049250313e-16 0 22 -1.850371707708594e-16 0 0 2 1176 -967 
3915 21 -2.220446049250313e-16 0 21.5 0.8660254037844384 0 0 2 968 -1176 
3918 20.5 -2.220446049250313e-16 0 21 0.8660254037844384 0 0 2 919 -1176 
3921 20 -2.220446049250313e-16 0 21 -1.850371707708594e-16 0 0 2 914 -1176 
3924 20.5 -0.8660254037844388 0 21 -2.220446049250313e-16 0 0 2 913 -1176 
3927 21 -0.8660254037844393 0 21.5 -2.220446049250313e-16 0 0 2 972 -1176 
3931 21 1.732050807568877 0 22 1.732050807568877 0 0 2 1177 -973 
3933 21 1.732050807568877 0 21.5 2.598076211353316 0 0 2 974 -1177 
3936 20.5 1.732050807568877 0 21 2.598076211353316 0 0 2 925 -1177 
3939 20 1.732050807568877 0 21 1.732050807568877 0 0 2 920 -1177 
3942 20.5 0.8660254037844384 0 21 1.732050807568877 0 0 2 919 -1177 
3945 21 0.8660254037844384 0 21.5 1.732050807568877 0 0 2 968 -1177 
3949 21 3.464101615137754 0 22 3.464101615137754 0 0 2 1178 -979 
3951 21 3.464101615137754 0 21.5 4.330127018922193 0 0 2 980 -1178 
3954 20.5 3.464101615137754 0 21 4.330127018922193 0 0 2 931 -1178 
3957 20 3.464101615137754 0 21 3.464101615137754 0 0 2 926 -1178 
3960 20.5 2.598076211353316 0 21 3.464101615137754 0 0 2 925 -1178 
3963 21 2.598076211353316 0 21.5 3.464101615137754 0 0 2 974 -1178 
3967 21 5.196152422706632 0 22 5.196152422706632 0 0 2 1179 -985 
3969 21 5.196152422706632 0 21.5 6.06217782649107 0 0 2 986 -1179 
3972 20.5 5.196152422706632 0 21 6.06217782649107 0 0 2 937 -1179 
3975 20 5.196152422706631 0 21 5.196152422706632 0 0 2 932 -1179 
3978 20.5 4.330127018922193 0 21 5.196152422706632 0 0 2 931 -1179 
3981 21 4.330127018922193 0 21.5 5.196152422706632 0 0 2 980 -1179 
3985 21 6.928203230275509 0 22 6.92820323027551 0 0 2 1180 -991 
3987 21 6.92820323027551 0 21.5 7.794228634059947 0 0 2 992 -1180 
3990 20.5 6.92820323027551 0 21 7.794228634059946 0 0 2 943 -1180 
3993 20 6.928203230275508 0 21 6.92820323027551 0 0 2 938 -1180 
3996 20.5 6.06217782649107 0 21 6.92820323027551 0 0 2 937 -1180 
3999 21 6.06217782649107 0 21.5 6.92820323027551 0 0 2 986 -1180 
4003 21 8.660254037844386 0 22 8.660254037844387 0 0 2 1181 -997 
4005 21 8.660254037844387 0 21.5 9.526279441628825 0 0 2 998 -1181 
4008 20.5 8.660254037844387 0 21 9.526279441628825 0 0 2 949 -1181 
4011 20 8.660254037844386 0 21 8.660254037844387 0 0 2 944 -1181 
4014 20.5 7.794228634059946 0 21 8.660254037844387 0 0 2 943 -1181 
4017 21 7.794228634059947 0 21.5 8.660254037844387 0 0 2 992 -1181 
4021 21 10.39230484541326 0 22 10.39230484541327 0 0 2 1182 -1003 
4023 21 10.39230484541327 0 21.5 11.2583302491977 0 0 2 1004 -1182 
4026 20.5 10.39230484541327 0 21 11.2583302491977 0 0 2 955 -1182 
4029 20 10.39230484541326 0 21 10.39230484541327 0 0 2 950 -1182 
4032 20.5 9.526279441628825 0 21 10.39230484541327 0 0 2 949 -1182 
4035 21 9.526279441628825 0 21.5 10.39230484541327 0 0 2 998 -1182 
4039 21 12.12435565298214 0 22 12.12435565298214 0 0 2 1183 -1009 
4041 21 12.12435565298214 0 21.5 12.99038105676658 0 0 2 1010 -1183 
4044 20.5 12.12435565298214 0 21 12.99038105676658 0 0 2 961 -1183 
4047 20 12.12435565298214 0 21 12.12435565298214 0 0 2 956 -1183 
4050 20.5 11.2583302491977 0 21 12.12435565298214 0 0 2 955 -1183 
4053 21 11.2583302491977 0 21.5 12.12435565298214 0 0 2 1004 -1183 
170 -1.665334536937735e-16 0 0 1 0.8660254037844386 0 1 1 3 1015 1 1017 
171 -0.4999999999999999 0 0 0.5000000000000001 0.8660254037844387 0 1 1 3 -1017 2 1020 
172 -1 0 0 -1.110223024625157e-16 0.8660254037844387 0 1 1 3 -1020 3 1023 
173 -1 -0.8660254037844384 0 -1.110223024625157e-16 1.110223024625157e-16 0 1 1 3 -1023 4 1026 
174 -0.5000000000000004 -0.866025403784439 0 0.4999999999999993 0 0 1 1 3 -1026 5 1029 
175 -1.110223024625157e-16 -0.866025403784439 0 1 0 0 1 1 3 -1029 6 -1015 
176 -1.665334536937735e-16 1.732050807568877 0 1 2.598076211353316 0 1 1 3 1033 7 1035 
177 -0.4999999999999999 1.732050807568877 0 0.5000000000000001 2.598076211353316 0 1 1 3 -1035 8 1038 
178 -1 1.732050807568877 0 -1.110223024625157e-16 2.598076211353316 0 1 1 3 -1038 9 1041 
179 -1 0.8660254037844387 0 -1.110223024625157e-16 1.732050807568877 0 1 1 3 -1041 10 1044 
180 -0.4999999999999999 0.8660254037844386 0 0.5000000000000001 1.732050807568877 0 1 1 3 -1044 -2 1047 
181 -1.665334536937735e-16 0.8660254037844386 0 1 1.732050807568877 0 1 1 3 -1047 12 -1033 
182 -1.665334536937735e-16 3.464101615137754 0 1 4.330127018922193 0 1 1 3 1051 13 1053 
183 -0.4999999999999999 3.464101615137754 0 0.5000000000000001 4.330127018922193 0 1 1 3 -1053 14 1056 
184 -1 3.464101615137754 0 -1.110223024625157e-16 4.330127018922193 0 1 1 3 -1056 15 1059 
185 -1 2.598076211353316 0 -1.110223024625157e-16 3.464101615137754 0 1 1 3 -1059 16 1062 
186 -0.4999999999999999 2.598076211353316 0 0.5000000000000001 3.464101615137754 0 1 1 3 -1062 -8 1065 
187 -1.665334536937735e-16 2.598076211353316 0 1 3.464101615137754 0 1 1 3 -1065 18 -1051 
188 -1.665334536937735e-16 5.196152422706632 0 1 6.06217782649107 0 1 1 3 1069 19 1071 
189 -0.4999999999999999 5.196152422706632 0 0.5000000000000001 6.06217782649107 0 1 1 3 -1071 20 1074 
190 -1 5.196152422706632 0 -1.110223024625157e-16 6.06217782649107 0 1 1 3 -1074 21 1077 
191 -1 4.330127018922193 0 -1.110223024625157e-16 5.196152422706632 0 1 1 3 -1077 22 1080 
192 -0.4999999999999999 4.330127018922193 0 0.5000000000000001 5.196152422706632 0 1 1 3 -1080 -14 1083 
193 -1.665334536937735e-16 4.330127018922193 0 1 5.196152422706632 0 1 1 3 -1083 24 -1069 
194 -1.665334536937735e-16 6.928203230275509 0 1 7.794228634059947 0 1 1 3 1087 25 1089 
195 -0.4999999999999999 6.92820323027551 0 0.5000000000000001 7.794228634059947 0 1 1 3 -1089 26 1092 
196 -1 6.928203230275509 0 -1.110223024625157e-16 7.794228634059947 0 1 1 3 -1092 27 1095 
197 -1 6.06217782649107 0 -1.110223024625157e-16 6.92820323027551 0 1 1 3 -1095 28 1098 
198 -0.4999999999999999 6.06217782649107 0 0.5000000000000001 6.92820323027551 0 1 1 3 -1098 -20 1101 
199 -1.665334536937735e-16 6.06217782649107 0 1 6.92820323027551 0 1 1 3 -1101 30 -1087 
200 -1.665334536937735e-16 8.660254037844386 0 1 9.526279441628825 0 1 1 3 1105 31 1107 
201 -0.4999999999999999 8.660254037844387 0 0.5000000000000001 9.526279441628825 0 1 1 3 -1107 32 1110 
202 -1 8.660254037844386 0 -1.110223024625157e-16 9.526279441628825 0 1 1 3 -1110 33 1113 
203 -1 7.794228634059947 0 -1.110223024625157e-16 8.660254037844387 0 1 1 3 -1113 34 1116 
204 -0.4999999999999999 7.794228634059947 0 0.5000000000000001 8.660254037844387 0 1 1 3 -1116 -26 1119 
205 -1.665334536937735e-16 7.794228634059947 0 1 8.660254037844387 0 1 1 3 -1119 36 -1105 
206 -1.665334536937735e-16 10.39230484541326 0 1 11.2583302491977 0 1 1 3 1123 37 1125 
207 -0.4999999999999999 10.39230484541327 0 0.5000000000000001 11.2583302491977 0 1 1 3 -1125 38 1128 
208 -1 10.39230484541326 0 -1.110223024625157e-16 11.2583302491977 0 1 1 3 -1128 39 1131 
209 -1 9.526279441628825 0 -1.110223024625157e-16 10.39230484541327 0 1 1 3 -1131 40 1134 
210 -0.4999999999999999 9.526279441628825 0 0.5000000000000001 10.39230484541327 0 1 1 3 -1134 -32 1137 
211 -1.665334536937735e-16 9.526279441628825 0 1 10.39230484541327 0 1 1 3 -1137 42 -1123 
212 -1.665334536937735e-16 12.12435565298214 0 1 12.99038105676658 0 1 1 3 1141 43 1143 
213 -0.4999999999999999 12.12435565298214 0 0.5000000000000001 12.99038105676658 0 1 1 3 -1143 44 1146 
214 -1 12.12435565298214 0 -1.110223024625157e-16 12.99038105676658 0 1 1 3 -1146 45 1149 
215 -1 11.2583302491977 0 -1.110223024625157e-16 12.12435565298214 0 1 1 3 -1149 46 1152 
216 -0.4999999999999999 11.2583302491977 0 0.5000000000000001 12.12435565298214 0 1 1 3 -1152 -38 1155 
217 -1.665334536937735e-16 11.2583302491977 0 1 12.12435565298214 0 1 1 3 -1155 48 -1141 
218 1.5 -0.8660254037844387 0 2.5 0 0 1 1 3 1159 49 1161 
219 1 -0.8660254037844387 0 2 0 0 1 1 3 -1161 50 1164 
220 0.4999999999999993 -0.866025403784439 0 1.5 0 0 1 1 3 -1164 -6 1167 
221 0.4999999999999993 -1.732050807568877 0 1.5 -0.8660254037844387 0 1 1 3 -1167 52 1170 
222 0.9999999999999996 -1.732050807568878 0 1.999999999999999 -0.8660254037844387 0 1 1 3 -1170 53 1173 
223 1.5 -1.732050807568878 0 2.5 -0.8660254037844386 0 1 1 3 -1173 54 -1159 
224 1.5 0.8660254037844384 0 2.5 1.732050807568877 0 1 1 3 1177 55 1179 
225 1 0.8660254037844384 0 2 1.732050807568877 0 1 1 3 -1179 56 1182 
226 0.5000000000000001 0.8660254037844384 0 1.5 1.732050807568877 0 1 1 3 -1182 -12 1185 
227 0.5000000000000001 0 0 1.5 0.8660254037844386 0 1 1 3 -1185 -1 1188 
228 1 0 0 2 0.8660254037844384 0 1 1 3 -1188 -50 1191 
229 1.5 0 0 2.5 0.8660254037844386 0 1 1 3 -1191 60 -1177 
230 1.5 2.598076211353316 0 2.5 3.464101615137754 0 1 1 3 1195 61 1197 
231 1 2.598076211353316 0 2 3.464101615137754 0 1 1 3 -1197 62 1200 
232 0.5000000000000001 2.598076211353316 0 1.5 3.464101615137754 0 1 1 3 -1200 -18 1203 
233 0.5000000000000001 1.732050807568877 0 1.5 2.598076211353316 0 1 1 3 -1203 -7 1206 
234 1 1.732050807568877 0 2 2.598076211353316 0 1 1 3 -1206 -56 1209 
235 1.5 1.732050807568877 0 2.5 2.598076211353316 0 1 1 3 -1209 66 -1195 
236 1.5 4.330127018922194 0 2.5 5.196152422706632 0 1 1 3 1213 67 1215 
237 1 4.330127018922194 0 2 5.196152422706632 0 1 1 3 -1215 68 1218 
238 0.5000000000000001 4.330127018922193 0 1.5 5.196152422706632 0 1 1 3 -1218 -24 1221 
239 0.5000000000000001 3.464101615137754 0 1.5 4.330127018922194 0 1 1 3 -1221 -13 1224 
240 1 3.464101615137754 0 2 4.330127018922194 0 1 1 3 -1224 -62 1227 
241 1.5 3.464101615137754 0 2.5 4.330127018922194 0 1 1 3 -1227 72 -1213 
242 1.5 6.06217782649107 0 2.5 6.928203230275509 0 1 1 3 1231 73 1233 
243 1 6.06217782649107 0 2 6.928203230275509 0 1 1 3 -1233 74 1236 
244 0.5000000000000001 6.06217782649107 0 1.5 6.928203230275509 0 1 1 3 -1236 -30 1239 
245 0.5000000000000001 5.196152422706632 0 1.5 6.06217782649107 0 1 1 3 -1239 -19 1242 
246 1 5.196152422706632 0 2 6.06217782649107 0 1 1 3 -1242 -68 1245 
247 1.5 5.196152422706632 0 2.5 6.06217782649107 0 1 1 3 -1245 78 -1231 
248 1.5 7.794228634059947 0 2.5 8.660254037844386 0 1 1 3 1249 79 1251 
249 1 7.794228634059947 0 2 8.660254037844386 0 1 1 3 -1251 80 1254 
250 0.5000000000000001 7.794228634059947 0 1.5 8.660254037844386 0 1 1 3 -1254 -36 1257 
251 0.5000000000000001 6.928203230275509 0 1.5 7.794228634059947 0 1 1 3 -1257 -25 1260 
252 1 6.928203230275509 0 2 7.794228634059947 0 1 1 3 -1260 -74 1263 
253 1.5 6.928203230275509 0 2.5 7.794228634059947 0 1 1 3 -1263 84 -1249 
254 1.5 9.526279441628823 0 2.5 10.39230484541326 0 1 1 3 1267 85 1269 
255 1 9.526279441628823 0 2 10.39230484541326 0 1 1 3 -1269 86 1272 
256 0.5000000000000001 9.526279441628823 0 1.5 10.39230484541326 0 1 1 3 -1272 -42 1275 
257 0.5000000000000001 8.660254037844386 0 1.5 9.526279441628825 0 1 1 3 -1275 -31 1278 
258 1 8.660254037844386 0 2 9.526279441628823 0 1 1 3 -1278 -80 1281 
259 1.5 8.660254037844386 0 2.5 9.526279441628825 0 1 1 3 -1281 90 -1267 
260 1.5 11.2583302491977 0 2.5 12.12435565298214 0 1 1 3 1285 91 1287 
261 1 11.2583302491977 0 2 12.12435565298214 0 1 1 3 -1287 92 1290 
262 0.5000000000000001 11.2583302491977 0 1.5 12.12435565298214 0 1 1 3 -1290 -48 1293 
263 0.5000000000000001 10.39230484541326 0 1.5 11.2583302491977 0 1 1 3 -1293 -37 1296 
264 1 10.39230484541326 0 2 11.2583302491977 0 1 1 3 -1296 -86 1299 
265 1.5 10.39230484541326 0 2.5 11.2583302491977 0 1 1 3 -1299 96 -1285 
266 1.5 12.99038105676657 0 2.5 13.85640646055102 0 1 1 3 1303 97 1305 
267 1 12.99038105676657 0 2 13.85640646055102 0 1 1 3 -1305 98 1308 
268 0.5000000000000001 12.99038105676657 0 1.5 13.85640646055102 0 1 1 3 -1308 99 1311 
269 0.5000000000000001 12.12435565298214 0 1.5 12.99038105676658 0 1 1 3 -1311 -43 1314 
270 1 12.12435565298214 0 2 12.99038105676657 0 1 1 3 -1314 -92 1317 
271 1.5 12.12435565298214 0 2.5 12.99038105676658 0 1 1 3 -1317 102 -1303 
272 3 -1.732050807568877 0 4 -0.8660254037844386 0 1 1 3 1321 103 1323 
273 2.5 -1.732050807568877 0 3.5 -0.8660254037844386 0 1 1 3 -1323 104 1326 
274 1.999999999999999 -1.732050807568878 0 3 -0.8660254037844386 0 1 1 3 -1326 -54 1329 
275 1.999999999999999 -2.598076211353316 0 3 -1.732050807568877 0 1 1 3 -1329 106 1332 
276 2.5 -2.598076211353316 0 3.499999999999999 -1.732050807568877 0 1 1 3 -1332 107 1335 
277 3 -2.598076211353316 0 4 -1.732050807568877 0 1 1 3 -1335 108 -1321 
278 3 0 0 4 0.8660254037844386 0 1 1 3 1339 109 1341 
279 2.5 0 0 3.5 0.8660254037844386 0 1 1 3 -1341 110 1344 
280 2 0 0 3 0.8660254037844386 0 1 1 3 -1344 -60 1347 
281 2 -0.8660254037844386 0 3 0 0 1 1 3 -1347 -49 1350 
282 2.5 -0.8660254037844386 0 3.5 0 0 1 1 3 -1350 -104 1353 
283 3 -0.8660254037844386 0 4 0 0 1 1 3 -1353 114 -1339 
284 3 1.732050807568877 0 4 2.598076211353316 0 1 1 3 1357 115 1359 
285 2.5 1.732050807568877 0 3.5 2.598076211353316 0 1 1 3 -1359 116 1362 
286 2 1.732050807568877 0 3 2.598076211353316 0 1 1 3 -1362 -66 1365 
287 2 0.8660254037844386 0 3 1.732050807568877 0 1 1 3 -1365 -55 1368 
288 2.5 0.8660254037844386 0 3.5 1.732050807568877 0 1 1 3 -1368 -110 1371 
289 3 0.8660254037844386 0 4 1.732050807568877 0 1 1 3 -1371 120 -1357 
290 3 3.464101615137755 0 4 4.330127018922194 0 1 1 3 1375 121 1377 
291 2.5 3.464101615137755 0 3.5 4.330127018922194 0 1 1 3 -1377 122 1380 
292 2 3.464101615137754 0 3 4.330127018922194 0 1 1 3 -1380 -72 1383 
293 2 2.598076211353316 0 3 3.464101615137755 0 1 1 3 -1383 -61 1386 
294 2.5 2.598076211353316 0 3.5 3.464101615137755 0 1 1 3 -1386 -116 1389 
295 3 2.598076211353316 0 4 3.464101615137755 0 1 1 3 -1389 126 -1375 
296 3 5.196152422706632 0 4 6.06217782649107 0 1 1 3 1393 127 1395 
297 2.5 5.196152422706632 0 3.5 6.06217782649107 0 1 1 3 -1395 128 1398 
298 2 5.196152422706632 0 3 6.06217782649107 0 1 1 3 -1398 -78 1401 
299 2 4.330127018922194 0 3 5.196152422706632 0 1 1 3 -1401 -67 1404 
300 2.5 4.330127018922194 0 3.5 5.196152422706632 0 1 1 3 -1404 -122 1407 
301 3 4.330127018922194 0 4 5.196152422706632 0 1 1 3 -1407 132 -1393 
302 3 6.928203230275509 0 4 7.794228634059947 0 1 1 3 1411 133 1413 
303 2.5 6.92820323027551 0 3.5 7.794228634059947 0 1 1 3 -1413 134 1416 
304 2 6.928203230275509 0 3 7.794228634059947 0 1 1 3 -1416 -84 1419 
305 2 6.06217782649107 0 3 6.92820323027551 0 1 1 3 -1419 -73 1422 
306 2.5 6.06217782649107 0 3.5 6.92820323027551 0 1 1 3 -1422 -128 1425 
307 3 6.06217782649107 0 4 6.92820323027551 0 1 1 3 -1425 138 -1411 
308 3 8.660254037844387 0 4 9.526279441628827 0 1 1 3 1429 139 1431 
309 2.5 8.660254037844387 0 3.5 9.526279441628827 0 1 1 3 -1431 140 1434 
310 2 8.660254037844386 0 3 9.526279441628825 0 1 1 3 -1434 -90 1437 
311 2 7.794228634059947 0 3 8.660254037844387 0 1 1 3 -1437 -79 1440 
312 2.5 7.794228634059947 0 3.5 8.660254037844387 0 1 1 3 -1440 -134 1443 
313 3 7.794228634059947 0 4 8.660254037844387 0 1 1 3 -1443 144 -1429 
314 3 10.39230484541326 0 4 11.2583302491977 0 1 1 3 1447 145 1449 
315 2.5 10.39230484541327 0 3.5 11.2583302491977 0 1 1 3 -1449 146 1452 
316 2 10.39230484541326 0 3 11.2583302491977 0 1 1 3 -1452 -96 1455 
317 2 9.526279441628825 0 3 10.39230484541327 0 1 1 3 -1455 -85 1458 
318 2.5 9.526279441628825 0 3.5 10.39230484541327 0 1 1 3 -1458 -140 1461 
319 3 9.526279441628827 0 4 10.39230484541327 0 1 1 3 -1461 150 -1447 
320 3 12.12435565298214 0 4 12.99038105676658 0 1 1 3 1465 151 1467 
321 2.5 12.12435565298214 0 3.5 12.99038105676658 0 1 1 3 -1467 152 1470 
322 2 12.12435565298214 0 3 12.99038105676658 0 1 1 3 -1470 -102 1473 
323 2 11.2583302491977 0 3 12.12435565298214 0 1 1 3 -1473 -91 1476 
324 2.5 11.2583302491977 0 3.5 12.12435565298214 0 1 1 3 -1476 -146 1479 
325 3 11.2583302491977 0 4 12.12435565298214 0 1 1 3 -1479 156 -1465 
326 3 13.85640646055102 0 4 14.72243186433546 0 1 1 3 1483 157 1485 
327 2.5 13.85640646055102 0 3.5 14.72243186433546 0 1 1 3 -1485 158 1488 
328 2 13.85640646055102 0 3 14.72243186433546 0 1 1 3 -1488 159 1491 
329 2 12.99038105676658 0 3 13.85640646055102 0 1 1 3 -1491 -97 1494 
330 2.5 12.99038105676658 0 3.5 13.85640646055102 0 1 1 3 -1494 -152 1497 
331 3 12.99038105676658 0 4 13.85640646055102 0 1 1 3 -1497 162 -1483 
332 4.5 -2.598076211353316 0 5.5 -1.732050807568877 0 1 1 3 1501 163 1503 
333 4 -2.598076211353316 0 5 -1.732050807568877 0 1 1 3 -1503 164 1506 
334 3.499999999999999 -2.598076211353316 0 4.5 -1.732050807568877 0 1 1 3 -1506 -108 1509 
335 3.499999999999999 -3.464101615137754 0 4.5 -2.598076211353316 0 1 1 3 -1509 166 1512 
336 4 -3.464101615137755 0 4.999999999999999 -2.598076211353316 0 1 1 3 -1512 167 1515 
337 4.5 -3.464101615137755 0 5.5 -2.598076211353316 0 1 1 3 -1515 168 -1501 
338 4.5 -0.8660254037844388 0 5.5 -2.220446049250313e-16 0 1 1 3 1519 169 1521 
339 4 -0.8660254037844388 0 5 0 0 1 1 3 -1521 170 1524 
340 3.5 -0.8660254037844388 0 4.5 0 0 1 1 3 -1524 -114 1527 
341 3.5 -1.732050807568877 0 4.5 -0.8660254037844386 0 1 1 3 -1527 -103 1530 
342 4 -1.732050807568877 0 5 -0.8660254037844388 0 1 1 3 -1530 -164 1533 
343 4.5 -1.732050807568877 0 5.5 -0.8660254037844388 0 1 1 3 -1533 174 -1519 
344 4.5 0.8660254037844384 0 5.5 1.732050807568877 0 1 1 3 1537 175 1539 
345 4 0.8660254037844384 0 5 1.732050807568877 0 1 1 3 -1539 176 1542 
346 3.5 0.8660254037844384 0 4.5 1.732050807568877 0 1 1 3 -1542 -120 1545 
347 3.5 0 0 4.5 0.8660254037844386 0 1 1 3 -1545 -109 1548 
348 4 -2.220446049250313e-16 0 5 0.8660254037844384 0 1 1 3 -1548 -170 1551 
349 4.5 -2.220446049250313e-16 0 5.5 0.8660254037844384 0 1 1 3 -1551 180 -1537 
350 4.5 2.598076211353316 0 5.5 3.464101615137754 0 1 1 3 1555 181 1557 
351 4 2.598076211353316 0 5 3.464101615137755 0 1 1 3 -1557 182 1560 
352 3.5 2.598076211353316 0 4.5 3.464101615137755 0 1 1 3 -1560 -126 1563 
353 3.5 1.732050807568877 0 4.5 2.598076211353316 0 1 1 3 -1563 -115 1566 
354 4 1.732050807568877 0 5 2.598076211353316 0 1 1 3 -1566 -176 1569 
355 4.5 1.732050807568877 0 5.5 2.598076211353316 0 1 1 3 -1569 186 -1555 
356 4.5 4.330127018922192 0 5.5 5.196152422706631 0 1 1 3 1573 187 1575 
357 4 4.330127018922192 0 5 5.196152422706632 0 1 1 3 -1575 188 1578 
358 3.5 4.330127018922192 0 4.5 5.196152422706632 0 1 1 3 -1578 -132 1581 
359 3.5 3.464101615137755 0 4.5 4.330127018922194 0 1 1 3 -1581 -121 1584 
360 4 3.464101615137754 0 5 4.330127018922192 0 1 1 3 -1584 -182 1587 
361 4.5 3.464101615137754 0 5.5 4.330127018922193 0 1 1 3 -1587 192 -1573 
362 4.5 6.06217782649107 0 5.5 6.928203230275508 0 1 1 3 1591 193 1593 
363 4 6.06217782649107 0 5 6.928203230275509 0 1 1 3 -1593 194 1596 
364 3.5 6.06217782649107 0 4.5 6.928203230275509 0 1 1 3 -1596 -138 1599 
365 3.5 5.196152422706632 0 4.5 6.06217782649107 0 1 1 3 -1599 -127 1602 
366 4 5.196152422706631 0 5 6.06217782649107 0 1 1 3 -1602 -188 1605 
367 4.5 5.196152422706631 0 5.5 6.06217782649107 0 1 1 3 -1605 198 -1591 
368 4.5 7.794228634059948 0 5.5 8.660254037844387 0 1 1 3 1609 199 1611 
369 4 7.794228634059948 0 5 8.660254037844387 0 1 1 3 -1611 200 1614 
370 3.5 7.794228634059947 0 4.5 8.660254037844387 0 1 1 3 -1614 -144 1617 
371 3.5 6.928203230275509 0 4.5 7.794228634059948 0 1 1 3 -1617 -133 1620 
372 4 6.928203230275508 0 5 7.794228634059948 0 1 1 3 -1620 -194 1623 
373 4.5 6.928203230275508 0 5.5 7.794228634059948 0 1 1 3 -1623 204 -1609 
374 4.5 9.526279441628823 0 5.5 10.39230484541326 0 1 1 3 1627 205 1629 
375 4 9.526279441628823 0 5 10.39230484541326 0 1 1 3 -1629 206 1632 
376 3.5 9.526279441628823 0 4.5 10.39230484541326 0 1 1 3 -1632 -150 1635 
377 3.5 8.660254037844387 0 4.5 9.526279441628827 0 1 1 3 -1635 -139 1638 
378 4 8.660254037844387 0 5 9.526279441628823 0 1 1 3 -1638 -200 1641 
379 4.5 8.660254037844387 0 5.5 9.526279441628825 0 1 1 3 -1641 210 -1627 
380 4.5 11.2583302491977 0 5.5 12.12435565298214 0 1 1 3 1645 211 1647 
381 4 11.2583302491977 0 5 12.12435565298214 0 1 1 3 -1647 212 1650 
382 3.5 11.2583302491977 0 4.5 12.12435565298214 0 1 1 3 -1650 -156 1653 
383 3.5 10.39230484541326 0 4.5 11.2583302491977 0 1 1 3 -1653 -145 1656 
384 4 10.39230484541326 0 5 11.2583302491977 0 1 1 3 -1656 -206 1659 
385 4.5 10.39230484541326 0 5.5 11.2583302491977 0 1 1 3 -1659 216 -1645 
386 4.5 12.99038105676657 0 5.5 13.85640646055102 0 1 1 3 1663 217 1665 
387 4 12.99038105676657 0 5 13.85640646055102 0 1 1 3 -1665 218 1668 
388 3.5 12.99038105676657 0 4.5 13.85640646055102 0 1 1 3 -1668 -162 1671 
389 3.5 12.12435565298214 0 4.5 12.99038105676658 0 1 1 3 -1671 -151 1674 
390 4 12.12435565298214 0 5 12.99038105676657 0 1 1 3 -1674 -212 1677 
391 4.5 12.12435565298214 0 5.5 12.99038105676658 0 1 1 3 -1677 222 -1663 
392 4.5 14.72243186433546 0 5.5 15.58845726811989 0 1 1 3 1681 223 1683 
393 4 14.72243186433546 0 5 15.58845726811989 0 1 1 3 -1683 224 1686 
394 3.5 14.72243186433546 0 4.5 15.58845726811989 0 1 1 3 -1686 225 1689 
395 3.5 13.85640646055102 0 4.5 14.72243186433546 0 1 1 3 -1689 -157 1692 
396 4 13.85640646055102 0 5 14.72243186433546 0 1 1 3 -1692 -218 1695 
397 4.5 13.85640646055102 0 5.5 14.72243186433546 0 1 1 3 -1695 228 -1681 
398 6 -3.464101615137754 0 7 -2.598076211353316 0 1 1 3 1699 229 1701 
399 5.5 -3.464101615137754 0 6.5 -2.598076211353316 0 1 1 3 -1701 230 1704 
400 4.999999999999999 -3.464101615137755 0 6 -2.598076211353316 0 1 1 3 -1704 -168 1707 
401 4.999999999999999 -4.330127018922193 0 6 -3.464101615137754 0 1 1 3 -1707 232 1710 
402 5.5 -4.330127018922194 0 6.499999999999999 -3.464101615137754 0 1 1 3 -1710 233 1713 
403 6 -4.330127018922194 0 7 -3.464101615137754 0 1 1 3 -1713 234 -1699 
404 6 -1.732050807568877 0 7 -0.8660254037844386 0 1 1 3 1717 235 1719 
405 5.5 -1.732050807568877 0 6.5 -0.8660254037844386 0 1 1 3 -1719 236 1722 
406 5 -1.732050807568877 0 6 -0.8660254037844388 0 1 1 3 -1722 -174 1725 
407 5 -2.598076211353316 0 6 -1.732050807568877 0 1 1 3 -1725 -163 1728 
408 5.5 -2.598076211353316 0 6.5 -1.732050807568877 0 1 1 3 -1728 -230 1731 
409 6 -2.598076211353316 0 7 -1.732050807568877 0 1 1 3 -1731 240 -1717 
410 6 0 0 7 0.8660254037844386 0 1 1 3 1735 241 1737 
411 5.5 0 0 6.5 0.8660254037844386 0 1 1 3 -1737 242 1740 
412 5 -2.220446049250313e-16 0 6 0.8660254037844384 0 1 1 3 -1740 -180 1743 
413 5 -0.8660254037844388 0 6 0 0 1 1 3 -1743 -169 1746 
414 5.5 -0.8660254037844388 0 6.5 0 0 1 1 3 -1746 -236 1749 
415 6 -0.8660254037844386 0 7 0 0 1 1 3 -1749 246 -1735 
416 6 1.732050807568878 0 7 2.598076211353316 0 1 1 3 1753 247 1755 
417 5.5 1.732050807568878 0 6.5 2.598076211353316 0 1 1 3 -1755 248 1758 
418 5 1.732050807568877 0 6 2.598076211353316 0 1 1 3 -1758 -186 1761 
419 5 0.8660254037844384 0 6 1.732050807568878 0 1 1 3 -1761 -175 1764 
420 5.5 0.8660254037844384 0 6.5 1.732050807568878 0 1 1 3 -1764 -242 1767 
421 6 0.8660254037844386 0 7 1.732050807568878 0 1 1 3 -1767 252 -1753 
422 6 3.464101615137754 0 7 4.330127018922193 0 1 1 3 1771 253 1773 
423 5.5 3.464101615137754 0 6.5 4.330127018922193 0 1 1 3 -1773 254 1776 
424 5 3.464101615137754 0 6 4.330127018922193 0 1 1 3 -1776 -192 1779 
425 5 2.598076211353316 0 6 3.464101615137754 0 1 1 3 -1779 -181 1782 
426 5.5 2.598076211353316 0 6.5 3.464101615137754 0 1 1 3 -1782 -248 1785 
427 6 2.598076211353316 0 7 3.464101615137754 0 1 1 3 -1785 258 -1771 
428 6 5.196152422706631 0 7 6.06217782649107 0 1 1 3 1789 259 1791 
429 5.5 5.196152422706631 0 6.5 6.06217782649107 0 1 1 3 -1791 260 1794 
430 5 5.196152422706631 0 6 6.06217782649107 0 1 1 3 -1794 -198 1797 
431 5 4.330127018922193 0 6 5.196152422706631 0 1 1 3 -1797 -187 1800 
432 5.5 4.330127018922193 0 6.5 5.196152422706631 0 1 1 3 -1800 -254 1803 
433 6 4.330127018922193 0 7 5.196152422706631 0 1 1 3 -1803 264 -1789 
434 6 6.92820323027551 0 7 7.794228634059948 0 1 1 3 1807 265 1809 
435 5.5 6.928203230275511 0 6.5 7.794228634059948 0 1 1 3 -1809 266 1812 
436 5 6.928203230275508 0 6 7.794228634059948 0 1 1 3 -1812 -204 1815 
437 5 6.06217782649107 0 6 6.928203230275511 0 1 1 3 -1815 -193 1818 
438 5.5 6.06217782649107 0 6.5 6.928203230275511 0 1 1 3 -1818 -260 1821 
439 6 6.06217782649107 0 7 6.928203230275511 0 1 1 3 -1821 270 -1807 
440 6 8.660254037844386 0 7 9.526279441628825 0 1 1 3 1825 271 1827 
441 5.5 8.660254037844387 0 6.5 9.526279441628825 0 1 1 3 -1827 272 1830 
442 5 8.660254037844387 0 6 9.526279441628825 0 1 1 3 -1830 -210 1833 
443 5 7.794228634059948 0 6 8.660254037844387 0 1 1 3 -1833 -199 1836 
444 5.5 7.794228634059948 0 6.5 8.660254037844387 0 1 1 3 -1836 -266 1839 
445 6 7.794228634059948 0 7 8.660254037844387 0 1 1 3 -1839 276 -1825 
446 6 10.39230484541326 0 7 11.2583302491977 0 1 1 3 1843 277 1845 
447 5.5 10.39230484541327 0 6.5 11.2583302491977 0 1 1 3 -1845 278 1848 
448 5 10.39230484541326 0 6 11.2583302491977 0 1 1 3 -1848 -216 1851 
449 5 9.526279441628825 0 6 10.39230484541327 0 1 1 3 -1851 -205 1854 
450 5.5 9.526279441628825 0 6.5 10.39230484541327 0 1 1 3 -1854 -272 1857 
451 6 9.526279441628825 0 7 10.39230484541327 0 1 1 3 -1857 282 -1843 
452 6 12.12435565298214 0 7 12.99038105676658 0 1 1 3 1861 283 1863 
453 5.5 12.12435565298214 0 6.5 12.99038105676658 0 1 1 3 -1863 284 1866 
454 5 12.12435565298214 0 6 12.99038105676658 0 1 1 3 -1866 -222 1869 
455 5 11.2583302491977 0 6 12.12435565298214 0 1 1 3 -1869 -211 1872 
456 5.5 11.2583302491977 0 6.5 12.12435565298214 0 1 1 3 -1872 -278 1875 
457 6 11.2583302491977 0 7 12.12435565298214 0 1 1 3 -1875 288 -1861 
458 6 13.85640646055102 0 7 14.72243186433546 0 1 1 3 1879 289 1881 
459 5.5 13.85640646055102 0 6.5 14.72243186433546 0 1 1 3 -1881 290 1884 
460 5 13.85640646055102 0 6 14.72243186433546 0 1 1 3 -1884 -228 1887 
461 5 12.99038105676658 0 6 13.85640646055102 0 1 1 3 -1887 -217 1890 
462 5.5 12.99038105676658 0 6.5 13.85640646055102 0 1 1 3 -1890 -284 1893 
463 6 12.99038105676658 0 7 13.85640646055102 0 1 1 3 -1893 294 -1879 
464 6 15.5884572681199 0 7 16.45448267190433 0 1 1 3 1897 295 1899 
465 5.5 15.5884572681199 0 6.5 16.45448267190433 0 1 1 3 -1899 296 1902 
466 5 15.58845726811989 0 6 16.45448267190433 0 1 1 3 -1902 297 1905 
467 5 14.72243186433546 0 6 15.5884572681199 0 1 1 3 -1905 -223 1908 
468 5.5 14.72243186433546 0 6.5 15.5884572681199 0 1 1 3 -1908 -290 1911 
469 6 14.72243186433546 0 7 15.5884572681199 0 1 1 3 -1911 300 -1897 
470 7.5 -4.330127018922193 0 8.5 -3.464101615137754 0 1 1 3 1915 301 1917 
471 7 -4.330127018922193 0 8 -3.464101615137754 0 1 1 3 -1917 302 1920 
472 6.499999999999999 -4.330127018922194 0 7.5 -3.464101615137754 0 1 1 3 -1920 -234 1923 
473 6.499999999999999 -5.196152422706631 0 7.5 -4.330127018922193 0 1 1 3 -1923 304 1926 
474 7 -5.196152422706632 0 7.999999999999999 -4.330127018922193 0 1 1 3 -1926 305 1929 
475 7.5 -5.196152422706632 0 8.5 -4.330127018922193 0 1 1 3 -1929 306 -1915 
476 7.5 -2.598076211353316 0 8.5 -1.732050807568877 0 1 1 3 1933 307 1935 
477 7 -2.598076211353316 0 8 -1.732050807568877 0 1 1 3 -1935 308 1938 
478 6.5 -2.598076211353316 0 7.5 -1.732050807568877 0 1 1 3 -1938 -240 1941 
479 6.5 -3.464101615137754 0 7.5 -2.598076211353316 0 1 1 3 -1941 -229 1944 
480 7 -3.464101615137754 0 8 -2.598076211353316 0 1 1 3 -1944 -302 1947 
481 7.5 -3.464101615137754 0 8.5 -2.598076211353316 0 1 1 3 -1947 312 -1933 
482 7.5 -0.8660254037844384 0 8.5 2.220446049250313e-16 0 1 1 3 1951 313 1953 
483 7 -0.8660254037844384 0 8 2.220446049250313e-16 0 1 1 3 -1953 314 1956 
484 6.5 -0.8660254037844386 0 7.5 0 0 1 1 3 -1956 -246 1959 
485 6.5 -1.732050807568877 0 7.5 -0.8660254037844384 0 1 1 3 -1959 -235 1962 
486 7 -1.732050807568877 0 8 -0.8660254037844384 0 1 1 3 -1962 -308 1965 
487 7.5 -1.732050807568877 0 8.5 -0.8660254037844384 0 1 1 3 -1965 318 -1951 
488 7.5 0.8660254037844392 0 8.5 1.732050807568878 0 1 1 3 1969 319 1971 
489 7 0.8660254037844392 0 8 1.732050807568878 0 1 1 3 -1971 320 1974 
490 6.5 0.8660254037844386 0 7.5 1.732050807568878 0 1 1 3 -1974 -252 1977 
491 6.5 0 0 7.5 0.8660254037844392 0 1 1 3 -1977 -241 1980 
492 7 0 0 8 0.8660254037844392 0 1 1 3 -1980 -314 1983 
493 7.5 2.220446049250313e-16 0 8.5 0.8660254037844393 0 1 1 3 -1983 324 -1969 
494 7.5 2.598076211353316 0 8.5 3.464101615137754 0 1 1 3 1987 325 1989 
495 7 2.598076211353316 0 8 3.464101615137754 0 1 1 3 -1989 326 1992 
496 6.5 2.598076211353316 0 7.5 3.464101615137754 0 1 1 3 -1992 -258 1995 
497 6.5 1.732050807568878 0 7.5 2.598076211353316 0 1 1 3 -1995 -247 1998 
498 7 1.732050807568878 0 8 2.598076211353316 0 1 1 3 -1998 -320 2001 
499 7.5 1.732050807568878 0 8.5 2.598076211353316 0 1 1 3 -2001 330 -1987 
500 7.5 4.330127018922192 0 8.5 5.196152422706631 0 1 1 3 2005 331 2007 
501 7 4.330127018922192 0 8 5.196152422706631 0 1 1 3 -2007 332 2010 
502 6.5 4.330127018922192 0 7.5 5.196152422706631 0 1 1 3 -2010 -264 2013 
503 6.5 3.464101615137754 0 7.5 4.330127018922193 0 1 1 3 -2013 -253 2016 
504 7 3.464101615137754 0 8 4.330127018922192 0 1 1 3 -2016 -326 2019 
505 7.5 3.464101615137754 0 8.5 4.330127018922193 0 1 1 3 -2019 336 -2005 
506 7.5 6.06217782649107 0 8.5 6.92820323027551 0 1 1 3 2023 337 2025 
507 7 6.06217782649107 0 8 6.92820323027551 0 1 1 3 -2025 338 2028 
508 6.5 6.06217782649107 0 7.5 6.92820323027551 0 1 1 3 -2028 -270 2031 
509 6.5 5.196152422706631 0 7.5 6.06217782649107 0 1 1 3 -2031 -259 2034 
510 7 5.196152422706631 0 8 6.06217782649107 0 1 1 3 -2034 -332 2037 
511 7.5 5.196152422706631 0 8.5 6.062177826491071 0 1 1 3 -2037 342 -2023 
512 7.5 7.794228634059948 0 8.5 8.660254037844387 0 1 1 3 2041 343 2043 
513 7 7.794228634059948 0 8 8.660254037844387 0 1 1 3 -2043 344 2046 
514 6.5 7.794228634059948 0 7.5 8.660254037844386 0 1 1 3 -2046 -276 2049 
515 6.5 6.92820323027551 0 7.5 7.794228634059948 0 1 1 3 -2049 -265 2052 
516 7 6.92820323027551 0 8 7.794228634059948 0 1 1 3 -2052 -338 2055 
517 7.5 6.92820323027551 0 8.5 7.794228634059948 0 1 1 3 -2055 348 -2041 
518 7.5 9.526279441628823 0 8.5 10.39230484541326 0 1 1 3 2059 349 2061 
519 7 9.526279441628823 0 8 10.39230484541326 0 1 1 3 -2061 350 2064 
520 6.5 9.526279441628823 0 7.5 10.39230484541326 0 1 1 3 -2064 -282 2067 
521 6.5 8.660254037844386 0 7.5 9.526279441628825 0 1 1 3 -2067 -271 2070 
522 7 8.660254037844386 0 8 9.526279441628823 0 1 1 3 -2070 -344 2073 
523 7.5 8.660254037844387 0 8.5 9.526279441628825 0 1 1 3 -2073 354 -2059 
524 7.5 11.2583302491977 0 8.5 12.12435565298214 0 1 1 3 2077 355 2079 
525 7 11.2583302491977 0 8 12.12435565298214 0 1 1 3 -2079 356 2082 
526 6.5 11.2583302491977 0 7.5 12.12435565298214 0 1 1 3 -2082 -288 2085 
527 6.5 10.39230484541326 0 7.5 11.2583302491977 0 1 1 3 -2085 -277 2088 
528 7 10.39230484541326 0 8 11.2583302491977 0 1 1 3 -2088 -350 2091 
529 7.5 10.39230484541326 0 8.5 11.2583302491977 0 1 1 3 -2091 360 -2077 
530 7.5 12.99038105676657 0 8.5 13.85640646055102 0 1 1 3 2095 361 2097 
531 7 12.99038105676657 0 8 13.85640646055102 0 1 1 3 -2097 362 2100 
532 6.5 12.99038105676657 0 7.5 13.85640646055102 0 1 1 3 -2100 -294 2103 
533 6.5 12.12435565298214 0 7.5 12.99038105676658 0 1 1 3 -2103 -283 2106 
534 7 12.12435565298214 0 8 12.99038105676657 0 1 1 3 -2106 -356 2109 
535 7.5 12.12435565298214 0 8.5 12.99038105676658 0 1 1 3 -2109 366 -2095 
536 7.5 14.72243186433546 0 8.5 15.5884572681199 0 1 1 3 2113 367 2115 
537 7 14.72243186433546 0 8 15.5884572681199 0 1 1 3 -2115 368 2118 
538 6.5 14.72243186433546 0 7.5 15.5884572681199 0 1 1 3 -2118 -300 2121 
539 6.5 13.85640646055102 0 7.5 14.72243186433546 0 1 1 3 -2121 -289 2124 
540 7 13.85640646055102 0 8 14.72243186433546 0 1 1 3 -2124 -362 2127 
541 7.5 13.85640646055102 0 8.5 14.72243186433546 0 1 1 3 -2127 372 -2113 
542 7.5 16.45448267190433 0 8.5 17.32050807568877 0 1 1 3 2131 373 2133 
543 7 16.45448267190433 0 8 17.32050807568877 0 1 1 3 -2133 374 2136 
544 6.5 16.45448267190433 0 7.5 17.32050807568877 0 1 1 3 -2136 375 2139 
545 6.5 15.5884572681199 0 7.5 16.45448267190433 0 1 1 3 -2139 -295 2142 
546 7 15.5884572681199 0 8 16.45448267190433 0 1 1 3 -2142 -368 2145 
547 7.5 15.5884572681199 0 8.5 16.45448267190434 0 1 1 3 -2145 378 -2131 
548 9 -5.196152422706631 0 10 -4.330127018922193 0 1 1 3 2149 379 2151 
549 8.5 -5.196152422706631 0 9.5 -4.330127018922193 0 1 1 3 -2151 380 2154 
550 7.999999999999999 -5.196152422706632 0 9 -4.330127018922193 0 1 1 3 -2154 -306 2157 
551 7.999999999999999 -6.06217782649107 0 9 -5.196152422706631 0 1 1 3 -2157 382 2160 
552 8.5 -6.06217782649107 0 9.5 -5.196152422706631 0 1 1 3 -2160 383 2163 
553 9 -6.06217782649107 0 10 -5.196152422706631 0 1 1 3 -2163 384 -2149 
554 9 -3.464101615137754 0 10 -2.598076211353315 0 1 1 3 2167 385 2169 
555 8.5 -3.464101615137753 0 9.5 -2.598076211353315 0 1 1 3 -2169 386 2172 
556 8 -3.464101615137754 0 9 -2.598076211353316 0 1 1 3 -2172 -312 2175 
557 8 -4.330127018922193 0 9 -3.464101615137753 0 1 1 3 -2175 -301 2178 
558 8.5 -4.330127018922193 0 9.5 -3.464101615137753 0 1 1 3 -2178 -380 2181 
559 9 -4.330127018922193 0 10 -3.464101615137753 0 1 1 3 -2181 390 -2167 
560 9 -1.732050807568877 0 10 -0.8660254037844382 0 1 1 3 2185 391 2187 
561 8.5 -1.732050807568877 0 9.5 -0.8660254037844382 0 1 1 3 -2187 392 2190 
562 8 -1.732050807568877 0 9 -0.8660254037844384 0 1 1 3 -2190 -318 2193 
563 8 -2.598076211353316 0 9 -1.732050807568877 0 1 1 3 -2193 -307 2196 
564 8.5 -2.598076211353316 0 9.5 -1.732050807568877 0 1 1 3 -2196 -386 2199 
565 9 -2.598076211353315 0 10 -1.732050807568877 0 1 1 3 -2199 396 -2185 
566 9 8.881784197001252e-16 0 10 0.8660254037844395 0 1 1 3 2203 397 2205 
567 8.5 8.881784197001252e-16 0 9.5 0.8660254037844395 0 1 1 3 -2205 398 2208 
568 8 2.220446049250313e-16 0 9 0.8660254037844393 0 1 1 3 -2208 -324 2211 
569 8 -0.8660254037844384 0 9 8.881784197001252e-16 0 1 1 3 -2211 -313 2214 
570 8.5 -0.8660254037844384 0 9.5 8.881784197001252e-16 0 1 1 3 -2214 -392 2217 
571 9 -0.8660254037844382 0 10 8.881784197001252e-16 0 1 1 3 -2217 402 -2203 
572 9 1.732050807568878 0 10 2.598076211353316 0 1 1 3 2221 403 2223 
573 8.5 1.732050807568878 0 9.5 2.598076211353316 0 1 1 3 -2223 404 2226 
574 8 1.732050807568878 0 9 2.598076211353316 0 1 1 3 -2226 -330 2229 
575 8 0.8660254037844393 0 9 1.732050807568878 0 1 1 3 -2229 -319 2232 
576 8.5 0.8660254037844393 0 9.5 1.732050807568878 0 1 1 3 -2232 -398 2235 
577 9 0.8660254037844395 0 10 1.732050807568878 0 1 1 3 -2235 408 -2221 
578 9 3.464101615137754 0 10 4.330127018922193 0 1 1 3 2239 409 2241 
579 8.5 3.464101615137754 0 9.5 4.330127018922193 0 1 1 3 -2241 410 2244 
580 8 3.464101615137754 0 9 4.330127018922193 0 1 1 3 -2244 -336 2247 
581 8 2.598076211353316 0 9 3.464101615137754 0 1 1 3 -2247 -325 2250 
582 8.5 2.598076211353316 0 9.5 3.464101615137754 0 1 1 3 -2250 -404 2253 
583 9 2.598076211353316 0 10 3.464101615137754 0 1 1 3 -2253 414 -2239 
584 9 5.196152422706633 0 10 6.062177826491071 0 1 1 3 2257 415 2259 
585 8.5 5.196152422706633 0 9.5 6.062177826491071 0 1 1 3 -2259 416 2262 
586 8 5.196152422706631 0 9 6.062177826491071 0 1 1 3 -2262 -342 2265 
587 8 4.330127018922193 0 9 5.196152422706633 0 1 1 3 -2265 -331 2268 
588 8.5 4.330127018922193 0 9.5 5.196152422706633 0 1 1 3 -2268 -410 2271 
589 9 4.330127018922193 0 10 5.196152422706633 0 1 1 3 -2271 420 -2257 
590 9 6.92820323027551 0 10 7.794228634059948 0 1 1 3 2275 421 2277 
591 8.5 6.928203230275511 0 9.5 7.794228634059948 0 1 1 3 -2277 422 2280 
592 8 6.92820323027551 0 9 7.794228634059948 0 1 1 3 -2280 -348 2283 
593 8 6.062177826491071 0 9 6.928203230275511 0 1 1 3 -2283 -337 2286 
594 8.5 6.062177826491071 0 9.5 6.928203230275511 0 1 1 3 -2286 -416 2289 
595 9 6.062177826491071 0 10 6.928203230275511 0 1 1 3 -2289 426 -2275 
596 9 8.660254037844386 0 10 9.526279441628825 0 1 1 3 2293 427 2295 
597 8.5 8.660254037844387 0 9.5 9.526279441628825 0 1 1 3 -2295 428 2298 
598 8 8.660254037844387 0 9 9.526279441628825 0 1 1 3 -2298 -354 2301 
599 8 7.794228634059948 0 9 8.660254037844387 0 1 1 3 -2301 -343 2304 
600 8.5 7.794228634059948 0 9.5 8.660254037844387 0 1 1 3 -2304 -422 2307 
601 9 7.794228634059948 0 10 8.660254037844387 0 1 1 3 -2307 432 -2293 
602 9 10.39230484541326 0 10 11.2583302491977 0 1 1 3 2311 433 2313 
603 8.5 10.39230484541327 0 9.5 11.2583302491977 0 1 1 3 -2313 434 2316 
604 8 10.39230484541326 0 9 11.2583302491977 0 1 1 3 -2316 -360 2319 
605 8 9.526279441628825 0 9 10.39230484541327 0 1 1 3 -2319 -349 2322 
606 8.5 9.526279441628825 0 9.5 10.39230484541327 0 1 1 3 -2322 -428 2325 
607 9 9.526279441628825 0 10 10.39230484541327 0 1 1 3 -2325 438 -2311 
608 9 12.12435565298214 0 10 12.99038105676658 0 1 1 3 2329 439 2331 
609 8.5 12.12435565298214 0 9.5 12.99038105676658 0 1 1 3 -2331 440 2334 
610 8 12.12435565298214 0 9 12.99038105676658 0 1 1 3 -2334 -366 2337 
611 8 11.2583302491977 0 9 12.12435565298214 0 1 1 3 -2337 -355 2340 
612 8.5 11.2583302491977 0 9.5 12.12435565298214 0 1 1 3 -2340 -434 2343 
613 9 11.2583302491977 0 10 12.12435565298214 0 1 1 3 -2343 444 -2329 
614 9 13.85640646055102 0 10 14.72243186433546 0 1 1 3 2347 445 2349 
615 8.5 13.85640646055102 0 9.5 14.72243186433546 0 1 1 3 -2349 446 2352 
616 8 13.85640646055102 0 9 14.72243186433546 0 1 1 3 -2352 -372 2355 
617 8 12.99038105676658 0 9 13.85640646055102 0 1 1 3 -2355 -361 2358 
618 8.5 12.99038105676658 0 9.5 13.85640646055102 0 1 1 3 -2358 -440 2361 
619 9 12.99038105676658 0 10 13.85640646055102 0 1 1 3 -2361 450 -2347 
620 9 15.5884572681199 0 10 16.45448267190433 0 1 1 3 2365 451 2367 
621 8.5 15.5884572681199 0 9.5 16.45448267190434 0 1 1 3 -2367 452 2370 
622 8 15.5884572681199 0 9 16.45448267190434 0 1 1 3 -2370 -378 2373 
623 8 14.72243186433546 0 9 15.5884572681199 0 1 1 3 -2373 -367 2376 
624 8.5 14.72243186433546 0 9.5 15.5884572681199 0 1 1 3 -2376 -446 2379 
625 9 14.72243186433546 0 10 15.5884572681199 0 1 1 3 -2379 456 -2365 
626 9 17.32050807568877 0 10 18.18653347947321 0 1 1 3 2383 457 2385 
627 8.5 17.32050807568877 0 9.5 18.18653347947321 0 1 1 3 -2385 458 2388 
628 8 17.32050807568877 0 9 18.18653347947321 0 1 1 3 -2388 459 2391 
629 8 16.45448267190434 0 9 17.32050807568877 0 1 1 3 -2391 -373 2394 
630 8.5 16.45448267190433 0 9.5 17.32050807568877 0 1 1 3 -2394 -452 2397 
631 9 16.45448267190433 0 10 17.32050807568877 0 1 1 3 -2397 462 -2383 
632 10.5 -6.06217782649107 0 11.5 -5.196152422706631 0 1 1 3 2401 463 2403 
633 10 -6.06217782649107 0 11 -5.196152422706631 0 1 1 3 -2403 464 2406 
634 9.5 -6.06217782649107 0 10.5 -5.196152422706631 0 1 1 3 -2406 -384 2409 
635 9.5 -6.928203230275508 0 10.5 -6.06217782649107 0 1 1 3 -2409 466 2412 
636 10 -6.928203230275509 0 11 -6.06217782649107 0 1 1 3 -2412 467 2415 
637 10.5 -6.928203230275509 0 11.5 -6.06217782649107 0 1 1 3 -2415 468 -2401 
638 10.5 -4.330127018922193 0 11.5 -3.464101615137754 0 1 1 3 2419 469 2421 
639 10 -4.330127018922193 0 11 -3.464101615137754 0 1 1 3 -2421 470 2424 
640 9.5 -4.330127018922193 0 10.5 -3.464101615137754 0 1 1 3 -2424 -390 2427 
641 9.5 -5.196152422706631 0 10.5 -4.330127018922193 0 1 1 3 -2427 -379 2430 
642 10 -5.196152422706631 0 11 -4.330127018922193 0 1 1 3 -2430 -464 2433 
643 10.5 -5.196152422706631 0 11.5 -4.330127018922193 0 1 1 3 -2433 474 -2419 
644 10.5 -2.598076211353315 0 11.5 -1.732050807568877 0 1 1 3 2437 475 2439 
645 10 -2.598076211353315 0 11 -1.732050807568877 0 1 1 3 -2439 476 2442 
646 9.5 -2.598076211353315 0 10.5 -1.732050807568877 0 1 1 3 -2442 -396 2445 
647 9.5 -3.464101615137754 0 10.5 -2.598076211353315 0 1 1 3 -2445 -385 2448 
648 10 -3.464101615137754 0 11 -2.598076211353315 0 1 1 3 -2448 -470 2451 
649 10.5 -3.464101615137754 0 11.5 -2.598076211353315 0 1 1 3 -2451 480 -2437 
650 10.5 -0.8660254037844375 0 11.5 1.110223024625157e-15 0 1 1 3 2455 481 2457 
651 10 -0.8660254037844375 0 11 1.110223024625157e-15 0 1 1 3 -2457 482 2460 
652 9.5 -0.8660254037844382 0 10.5 8.881784197001252e-16 0 1 1 3 -2460 -402 2463 
653 9.5 -1.732050807568877 0 10.5 -0.8660254037844375 0 1 1 3 -2463 -391 2466 
654 10 -1.732050807568877 0 11 -0.8660254037844375 0 1 1 3 -2466 -476 2469 
655 10.5 -1.732050807568877 0 11.5 -0.8660254037844375 0 1 1 3 -2469 486 -2455 
656 10.5 0.8660254037844392 0 11.5 1.732050807568878 0 1 1 3 2473 487 2475 
657 10 0.8660254037844392 0 11 1.732050807568878 0 1 1 3 -2475 488 2478 
658 9.5 0.8660254037844392 0 10.5 1.732050807568878 0 1 1 3 -2478 -408 2481 
659 9.5 8.881784197001252e-16 0 10.5 0.8660254037844395 0 1 1 3 -2481 -397 2484 
660 10 8.881784197001252e-16 0 11 0.8660254037844392 0 1 1 3 -2484 -482 2487 
661 10.5 1.110223024625157e-15 0 11.5 0.8660254037844393 0 1 1 3 -2487 492 -2473 
662 10.5 2.598076211353316 0 11.5 3.464101615137754 0 1 1 3 2491 493 2493 
663 10 2.598076211353316 0 11 3.464101615137754 0 1 1 3 -2493 494 2496 
664 9.5 2.598076211353316 0 10.5 3.464101615137754 0 1 1 3 -2496 -414 2499 
665 9.5 1.732050807568878 0 10.5 2.598076211353316 0 1 1 3 -2499 -403 2502 
666 10 1.732050807568878 0 11 2.598076211353316 0 1 1 3 -2502 -488 2505 
667 10.5 1.732050807568878 0 11.5 2.598076211353316 0 1 1 3 -2505 498 -2491 
668 10.5 4.330127018922195 0 11.5 5.196152422706633 0 1 1 3 2509 499 2511 
669 10 4.330127018922195 0 11 5.196152422706633 0 1 1 3 -2511 500 2514 
670 9.5 4.330127018922193 0 10.5 5.196152422706633 0 1 1 3 -2514 -420 2517 
671 9.5 3.464101615137754 0 10.5 4.330127018922195 0 1 1 3 -2517 -409 2520 
672 10 3.464101615137754 0 11 4.330127018922195 0 1 1 3 -2520 -494 2523 
673 10.5 3.464101615137754 0 11.5 4.330127018922195 0 1 1 3 -2523 504 -2509 
674 10.5 6.06217782649107 0 11.5 6.92820323027551 0 1 1 3 2527 505 2529 
675 10 6.06217782649107 0 11 6.92820323027551 0 1 1 3 -2529 506 2532 
676 9.5 6.06217782649107 0 10.5 6.92820323027551 0 1 1 3 -2532 -426 2535 
677 9.5 5.196152422706633 0 10.5 6.062177826491071 0 1 1 3 -2535 -415 2538 
678 10 5.196152422706633 0 11 6.06217782649107 0 1 1 3 -2538 -500 2541 
679 10.5 5.196152422706633 0 11.5 6.062177826491071 0 1 1 3 -2541 510 -2527 
680 10.5 7.794228634059948 0 11.5 8.660254037844387 0 1 1 3 2545 511 2547 
681 10 7.794228634059948 0 11 8.660254037844387 0 1 1 3 -2547 512 2550 
682 9.5 7.794228634059948 0 10.5 8.660254037844386 0 1 1 3 -2550 -432 2553 
683 9.5 6.92820323027551 0 10.5 7.794228634059948 0 1 1 3 -2553 -421 2556 
684 10 6.92820323027551 0 11 7.794228634059948 0 1 1 3 -2556 -506 2559 
685 10.5 6.92820323027551 0 11.5 7.794228634059948 0 1 1 3 -2559 516 -2545 
686 10.5 9.526279441628823 0 11.5 10.39230484541326 0 1 1 3 2563 517 2565 
687 10 9.526279441628823 0 11 10.39230484541326 0 1 1 3 -2565 518 2568 
688 9.5 9.526279441628823 0 10.5 10.39230484541326 0 1 1 3 -2568 -438 2571 
689 9.5 8.660254037844386 0 10.5 9.526279441628825 0 1 1 3 -2571 -427 2574 
690 10 8.660254037844386 0 11 9.526279441628823 0 1 1 3 -2574 -512 2577 
691 10.5 8.660254037844387 0 11.5 9.526279441628825 0 1 1 3 -2577 522 -2563 
692 10.5 11.2583302491977 0 11.5 12.12435565298214 0 1 1 3 2581 523 2583 
693 10 11.2583302491977 0 11 12.12435565298214 0 1 1 3 -2583 524 2586 
694 9.5 11.2583302491977 0 10.5 12.12435565298214 0 1 1 3 -2586 -444 2589 
695 9.5 10.39230484541326 0 10.5 11.2583302491977 0 1 1 3 -2589 -433 2592 
696 10 10.39230484541326 0 11 11.2583302491977 0 1 1 3 -2592 -518 2595 
697 10.5 10.39230484541326 0 11.5 11.2583302491977 0 1 1 3 -2595 528 -2581 
698 10.5 12.99038105676658 0 11.5 13.85640646055102 0 1 1 3 2599 529 2601 
699 10 12.99038105676658 0 11 13.85640646055102 0 1 1 3 -2601 530 2604 
700 9.5 12.99038105676658 0 10.5 13.85640646055102 0 1 1 3 -2604 -450 2607 
701 9.5 12.12435565298214 0 10.5 12.99038105676658 0 1 1 3 -2607 -439 2610 
702 10 12.12435565298214 0 11 12.99038105676658 0 1 1 3 -2610 -524 2613 
703 10.5 12.12435565298214 0 11.5 12.99038105676658 0 1 1 3 -2613 534 -2599 
704 10.5 14.72243186433546 0 11.5 15.5884572681199 0 1 1 3 2617 535 2619 
705 10 14.72243186433546 0 11 15.5884572681199 0 1 1 3 -2619 536 2622 
706 9.5 14.72243186433546 0 10.5 15.5884572681199 0 1 1 3 -2622 -456 2625 
707 9.5 13.85640646055102 0 10.5 14.72243186433546 0 1 1 3 -2625 -445 2628 
708 10 13.85640646055102 0 11 14.72243186433546 0 1 1 3 -2628 -530 2631 
709 10.5 13.85640646055102 0 11.5 14.72243186433546 0 1 1 3 -2631 540 -2617 
710 10.5 16.45448267190433 0 11.5 17.32050807568877 0 1 1 3 2635 541 2637 
711 10 16.45448267190433 0 11 17.32050807568877 0 1 1 3 -2637 542 2640 
712 9.5 16.45448267190433 0 10.5 17.32050807568877 0 1 1 3 -2640 -462 2643 
713 9.5 15.5884572681199 0 10.5 16.45448267190433 0 1 1 3 -2643 -451 2646 
714 10 15.5884572681199 0 11 16.45448267190433 0 1 1 3 -2646 -536 2649 
715 10.5 15.5884572681199 0 11.5 16.45448267190433 0 1 1 3 -2649 546 -2635 
716 10.5 18.18653347947321 0 11.5 19.05255888325765 0 1 1 3 2653 547 2655 
717 10 18.18653347947321 0 11 19.05255888325765 0 1 1 3 -2655 548 2658 
718 9.5 18.18653347947321 0 10.5 19.05255888325765 0 1 1 3 -2658 549 2661 
719 9.5 17.32050807568877 0 10.5 18.18653347947321 0 1 1 3 -2661 -457 2664 
720 10 17.32050807568877 0 11 18.18653347947321 0 1 1 3 -2664 -542 2667 
721 10.5 17.32050807568877 0 11.5 18.18653347947321 0 1 1 3 -2667 552 -2653 
722 12 -5.196152422706631 0 13 -4.330127018922193 0 1 1 3 2671 553 2673 
723 11.5 -5.196152422706631 0 12.5 -4.330127018922193 0 1 1 3 -2673 554 2676 
724 11 -5.196152422706631 0 12 -4.330127018922193 0 1 1 3 -2676 -474 2679 
725 11 -6.06217782649107 0 12 -5.196152422706631 0 1 1 3 -2679 -463 2682 
726 11.5 -6.06217782649107 0 12.5 -5.196152422706631 0 1 1 3 -2682 557 2685 
727 12 -6.06217782649107 0 13 -5.196152422706631 0 1 1 3 -2685 558 -2671 
728 12 -3.464101615137754 0 13 -2.598076211353315 0 1 1 3 2689 559 2691 
729 11.5 -3.464101615137753 0 12.5 -2.598076211353315 0 1 1 3 -2691 560 2694 
730 11 -3.464101615137754 0 12 -2.598076211353315 0 1 1 3 -2694 -480 2697 
731 11 -4.330127018922193 0 12 -3.464101615137753 0 1 1 3 -2697 -469 2700 
732 11.5 -4.330127018922193 0 12.5 -3.464101615137753 0 1 1 3 -2700 -554 2703 
733 12 -4.330127018922193 0 13 -3.464101615137753 0 1 1 3 -2703 564 -2689 
734 12 -1.732050807568877 0 13 -0.8660254037844382 0 1 1 3 2707 565 2709 
735 11.5 -1.732050807568877 0 12.5 -0.8660254037844375 0 1 1 3 -2709 566 2712 
736 11 -1.732050807568877 0 12 -0.8660254037844375 0 1 1 3 -2712 -486 2715 
737 11 -2.598076211353315 0 12 -1.732050807568877 0 1 1 3 -2715 -475 2718 
738 11.5 -2.598076211353315 0 12.5 -1.732050807568877 0 1 1 3 -2718 -560 2721 
739 12 -2.598076211353315 0 13 -1.732050807568877 0 1 1 3 -2721 570 -2707 
740 12 8.881784197001252e-16 0 13 0.8660254037844395 0 1 1 3 2725 571 2727 
741 11.5 8.881784197001252e-16 0 12.5 0.8660254037844395 0 1 1 3 -2727 572 2730 
742 11 8.881784197001252e-16 0 12 0.8660254037844393 0 1 1 3 -2730 -492 2733 
743 11 -0.8660254037844375 0 12 1.110223024625157e-15 0 1 1 3 -2733 -481 2736 
744 11.5 -0.8660254037844382 0 12.5 8.881784197001252e-16 0 1 1 3 -2736 -566 2739 
745 12 -0.8660254037844382 0 13 8.881784197001252e-16 0 1 1 3 -2739 576 -2725 
746 12 1.732050807568878 0 13 2.598076211353316 0 1 1 3 2743 577 2745 
747 11.5 1.732050807568878 0 12.5 2.598076211353316 0 1 1 3 -2745 578 2748 
748 11 1.732050807568878 0 12 2.598076211353316 0 1 1 3 -2748 -498 2751 
749 11 0.8660254037844393 0 12 1.732050807568878 0 1 1 3 -2751 -487 2754 
750 11.5 0.8660254037844393 0 12.5 1.732050807568878 0 1 1 3 -2754 -572 2757 
751 12 0.8660254037844395 0 13 1.732050807568878 0 1 1 3 -2757 582 -2743 
752 12 3.464101615137754 0 13 4.330127018922193 0 1 1 3 2761 583 2763 
753 11.5 3.464101615137754 0 12.5 4.330127018922195 0 1 1 3 -2763 584 2766 
754 11 3.464101615137754 0 12 4.330127018922195 0 1 1 3 -2766 -504 2769 
755 11 2.598076211353316 0 12 3.464101615137754 0 1 1 3 -2769 -493 2772 
756 11.5 2.598076211353316 0 12.5 3.464101615137754 0 1 1 3 -2772 -578 2775 
757 12 2.598076211353316 0 13 3.464101615137754 0 1 1 3 -2775 588 -2761 
758 12 5.196152422706633 0 13 6.062177826491071 0 1 1 3 2779 589 2781 
759 11.5 5.196152422706633 0 12.5 6.062177826491071 0 1 1 3 -2781 590 2784 
760 11 5.196152422706633 0 12 6.062177826491071 0 1 1 3 -2784 -510 2787 
761 11 4.330127018922195 0 12 5.196152422706633 0 1 1 3 -2787 -499 2790 
762 11.5 4.330127018922193 0 12.5 5.196152422706633 0 1 1 3 -2790 -584 2793 
763 12 4.330127018922193 0 13 5.196152422706633 0 1 1 3 -2793 594 -2779 
764 12 6.92820323027551 0 13 7.794228634059948 0 1 1 3 2797 595 2799 
765 11.5 6.928203230275511 0 12.5 7.794228634059948 0 1 1 3 -2799 596 2802 
766 11 6.92820323027551 0 12 7.794228634059948 0 1 1 3 -2802 -516 2805 
767 11 6.062177826491071 0 12 6.928203230275511 0 1 1 3 -2805 -505 2808 
768 11.5 6.062177826491071 0 12.5 6.928203230275511 0 1 1 3 -2808 -590 2811 
769 12 6.062177826491071 0 13 6.928203230275511 0 1 1 3 -2811 600 -2797 
770 12 8.660254037844386 0 13 9.526279441628825 0 1 1 3 2815 601 2817 
771 11.5 8.660254037844387 0 12.5 9.526279441628825 0 1 1 3 -2817 602 2820 
772 11 8.660254037844387 0 12 9.526279441628825 0 1 1 3 -2820 -522 2823 
773 11 7.794228634059948 0 12 8.660254037844387 0 1 1 3 -2823 -511 2826 
774 11.5 7.794228634059948 0 12.5 8.660254037844387 0 1 1 3 -2826 -596 2829 
775 12 7.794228634059948 0 13 8.660254037844387 0 1 1 3 -2829 606 -2815 
776 12 10.39230484541326 0 13 11.2583302491977 0 1 1 3 2833 607 2835 
777 11.5 10.39230484541327 0 12.5 11.2583302491977 0 1 1 3 -2835 608 2838 
778 11 10.39230484541326 0 12 11.2583302491977 0 1 1 3 -2838 -528 2841 
779 11 9.526279441628825 0 12 10.39230484541327 0 1 1 3 -2841 -517 2844 
780 11.5 9.526279441628825 0 12.5 10.39230484541327 0 1 1 3 -2844 -602 2847 
781 12 9.526279441628825 0 13 10.39230484541327 0 1 1 3 -2847 612 -2833 
782 12 12.12435565298214 0 13 12.99038105676658 0 1 1 3 2851 613 2853 
783 11.5 12.12435565298214 0 12.5 12.99038105676658 0 1 1 3 -2853 614 2856 
784 11 12.12435565298214 0 12 12.99038105676658 0 1 1 3 -2856 -534 2859 
785 11 11.2583302491977 0 12 12.12435565298214 0 1 1 3 -2859 -523 2862 
786 11.5 11.2583302491977 0 12.5 12.12435565298214 0 1 1 3 -2862 -608 2865 
787 12 11.2583302491977 0 13 12.12435565298214 0 1 1 3 -2865 618 -2851 
788 12 13.85640646055102 0 13 14.72243186433546 0 1 1 3 2869 619 2871 
789 11.5 13.85640646055102 0 12.5 14.72243186433546 0 1 1 3 -2871 620 2874 
790 11 13.85640646055102 0 12 14.72243186433546 0 1 1 3 -2874 -540 2877 
791 11 12.99038105676658 0 12 13.85640646055102 0 1 1 3 -2877 -529 2880 
792 11.5 12.99038105676658 0 12.5 13.85640646055102 0 1 1 3 -2880 -614 2883 
793 12 12.99038105676658 0 13 13.85640646055102 0 1 1 3 -2883 624 -2869 
794 12 15.5884572681199 0 13 16.45448267190433 0 1 1 3 2887 625 2889 
795 11.5 15.5884572681199 0 12.5 16.45448267190433 0 1 1 3 -2889 626 2892 
796 11 15.5884572681199 0 12 16.45448267190433 0 1 1 3 -2892 -546 2895 
797 11 14.72243186433546 0 12 15.5884572681199 0 1 1 3 -2895 -535 2898 
798 11.5 14.72243186433546 0 12.5 15.5884572681199 0 1 1 3 -2898 -620 2901 
799 12 14.72243186433546 0 13 15.5884572681199 0 1 1 3 -2901 630 -2887 
800 12 17.32050807568877 0 13 18.18653347947321 0 1 1 3 2905 631 2907 
801 11.5 17.32050807568877 0 12.5 18.18653347947321 0 1 1 3 -2907 632 2910 
802 11 17.32050807568877 0 12 18.18653347947321 0 1 1 3 -2910 -552 2913 
803 11 16.45448267190433 0 12 17.32050807568877 0 1 1 3 -2913 -541 2916 
804 11.5 16.45448267190433 0 12.5 17.32050807568877 0 1 1 3 -2916 -626 2919 
805 12 16.45448267190433 0 13 17.32050807568877 0 1 1 3 -2919 636 -2905 
806 13.5 -4.330127018922193 0 14.5 -3.464101615137754 0 1 1 3 2923 637 2925 
807 13 -4.330127018922193 0 14 -3.464101615137754 0 1 1 3 -2925 638 2928 
808 12.5 -4.330127018922193 0 13.5 -3.464101615137754 0 1 1 3 -2928 -564 2931 
809 12.5 -5.196152422706631 0 13.5 -4.330127018922193 0 1 1 3 -2931 -553 2934 
810 13 -5.196152422706632 0 14 -4.330127018922193 0 1 1 3 -2934 641 2937 
811 13.5 -5.196152422706632 0 14.5 -4.330127018922193 0 1 1 3 -2937 642 -2923 
812 13.5 -2.598076211353316 0 14.5 -1.732050807568877 0 1 1 3 2941 643 2943 
813 13 -2.598076211353316 0 14 -1.732050807568877 0 1 1 3 -2943 644 2946 
814 12.5 -2.598076211353316 0 13.5 -1.732050807568877 0 1 1 3 -2946 -570 2949 
815 12.5 -3.464101615137754 0 13.5 -2.598076211353315 0 1 1 3 -2949 -559 2952 
816 13 -3.464101615137754 0 14 -2.598076211353316 0 1 1 3 -2952 -638 2955 
817 13.5 -3.464101615137754 0 14.5 -2.598076211353316 0 1 1 3 -2955 648 -2941 
818 13.5 -0.8660254037844384 0 14.5 2.220446049250313e-16 0 1 1 3 2959 649 2961 
819 13 -0.8660254037844384 0 14 8.881784197001252e-16 0 1 1 3 -2961 650 2964 
820 12.5 -0.8660254037844384 0 13.5 8.881784197001252e-16 0 1 1 3 -2964 -576 2967 
821 12.5 -1.732050807568877 0 13.5 -0.8660254037844382 0 1 1 3 -2967 -565 2970 
822 13 -1.732050807568877 0 14 -0.8660254037844384 0 1 1 3 -2970 -644 2973 
823 13.5 -1.732050807568877 0 14.5 -0.8660254037844384 0 1 1 3 -2973 654 -2959 
824 13.5 0.8660254037844392 0 14.5 1.732050807568878 0 1 1 3 2977 655 2979 
825 13 0.8660254037844392 0 14 1.732050807568878 0 1 1 3 -2979 656 2982 
826 12.5 0.8660254037844392 0 13.5 1.732050807568878 0 1 1 3 -2982 -582 2985 
827 12.5 8.881784197001252e-16 0 13.5 0.8660254037844395 0 1 1 3 -2985 -571 2988 
828 13 2.220446049250313e-16 0 14 0.8660254037844392 0 1 1 3 -2988 -650 2991 
829 13.5 2.220446049250313e-16 0 14.5 0.8660254037844393 0 1 1 3 -2991 660 -2977 
830 13.5 2.598076211353316 0 14.5 3.464101615137754 0 1 1 3 2995 661 2997 
831 13 2.598076211353316 0 14 3.464101615137754 0 1 1 3 -2997 662 3000 
832 12.5 2.598076211353316 0 13.5 3.464101615137754 0 1 1 3 -3000 -588 3003 
833 12.5 1.732050807568878 0 13.5 2.598076211353316 0 1 1 3 -3003 -577 3006 
834 13 1.732050807568878 0 14 2.598076211353316 0 1 1 3 -3006 -656 3009 
835 13.5 1.732050807568878 0 14.5 2.598076211353316 0 1 1 3 -3009 666 -2995 
836 13.5 4.330127018922192 0 14.5 5.196152422706631 0 1 1 3 3013 667 3015 
837 13 4.330127018922192 0 14 5.196152422706633 0 1 1 3 -3015 668 3018 
838 12.5 4.330127018922192 0 13.5 5.196152422706633 0 1 1 3 -3018 -594 3021 
839 12.5 3.464101615137754 0 13.5 4.330127018922193 0 1 1 3 -3021 -583 3024 
840 13 3.464101615137754 0 14 4.330127018922192 0 1 1 3 -3024 -662 3027 
841 13.5 3.464101615137754 0 14.5 4.330127018922193 0 1 1 3 -3027 672 -3013 
842 13.5 6.06217782649107 0 14.5 6.92820323027551 0 1 1 3 3031 673 3033 
843 13 6.06217782649107 0 14 6.92820323027551 0 1 1 3 -3033 674 3036 
844 12.5 6.06217782649107 0 13.5 6.92820323027551 0 1 1 3 -3036 -600 3039 
845 12.5 5.196152422706633 0 13.5 6.062177826491071 0 1 1 3 -3039 -589 3042 
846 13 5.196152422706631 0 14 6.06217782649107 0 1 1 3 -3042 -668 3045 
847 13.5 5.196152422706631 0 14.5 6.062177826491071 0 1 1 3 -3045 678 -3031 
848 13.5 7.794228634059948 0 14.5 8.660254037844387 0 1 1 3 3049 679 3051 
849 13 7.794228634059948 0 14 8.660254037844387 0 1 1 3 -3051 680 3054 
850 12.5 7.794228634059948 0 13.5 8.660254037844386 0 1 1 3 -3054 -606 3057 
851 12.5 6.92820323027551 0 13.5 7.794228634059948 0 1 1 3 -3057 -595 3060 
852 13 6.92820323027551 0 14 7.794228634059948 0 1 1 3 -3060 -674 3063 
853 13.5 6.92820323027551 0 14.5 7.794228634059948 0 1 1 3 -3063 684 -3049 
854 13.5 9.526279441628823 0 14.5 10.39230484541326 0 1 1 3 3067 685 3069 
855 13 9.526279441628823 0 14 10.39230484541326 0 1 1 3 -3069 686 3072 
856 12.5 9.526279441628823 0 13.5 10.39230484541326 0 1 1 3 -3072 -612 3075 
857 12.5 8.660254037844386 0 13.5 9.526279441628825 0 1 1 3 -3075 -601 3078 
858 13 8.660254037844386 0 14 9.526279441628823 0 1 1 3 -3078 -680 3081 
859 13.5 8.660254037844387 0 14.5 9.526279441628825 0 1 1 3 -3081 690 -3067 
860 13.5 11.2583302491977 0 14.5 12.12435565298214 0 1 1 3 3085 691 3087 
861 13 11.2583302491977 0 14 12.12435565298214 0 1 1 3 -3087 692 3090 
862 12.5 11.2583302491977 0 13.5 12.12435565298214 0 1 1 3 -3090 -618 3093 
863 12.5 10.39230484541326 0 13.5 11.2583302491977 0 1 1 3 -3093 -607 3096 
864 13 10.39230484541326 0 14 11.2583302491977 0 1 1 3 -3096 -686 3099 
865 13.5 10.39230484541326 0 14.5 11.2583302491977 0 1 1 3 -3099 696 -3085 
866 13.5 12.99038105676657 0 14.5 13.85640646055102 0 1 1 3 3103 697 3105 
867 13 12.99038105676657 0 14 13.85640646055102 0 1 1 3 -3105 698 3108 
868 12.5 12.99038105676657 0 13.5 13.85640646055102 0 1 1 3 -3108 -624 3111 
869 12.5 12.12435565298214 0 13.5 12.99038105676658 0 1 1 3 -3111 -613 3114 
870 13 12.12435565298214 0 14 12.99038105676657 0 1 1 3 -3114 -692 3117 
871 13.5 12.12435565298214 0 14.5 12.99038105676658 0 1 1 3 -3117 702 -3103 
872 13.5 14.72243186433546 0 14.5 15.5884572681199 0 1 1 3 3121 703 3123 
873 13 14.72243186433546 0 14 15.5884572681199 0 1 1 3 -3123 704 3126 
874 12.5 14.72243186433546 0 13.5 15.5884572681199 0 1 1 3 -3126 -630 3129 
875 12.5 13.85640646055102 0 13.5 14.72243186433546 0 1 1 3 -3129 -619 3132 
876 13 13.85640646055102 0 14 14.72243186433546 0 1 1 3 -3132 -698 3135 
877 13.5 13.85640646055102 0 14.5 14.72243186433546 0 1 1 3 -3135 708 -3121 
878 13.5 16.45448267190433 0 14.5 17.32050807568877 0 1 1 3 3139 709 3141 
879 13 16.45448267190433 0 14 17.32050807568877 0 1 1 3 -3141 710 3144 
880 12.5 16.45448267190433 0 13.5 17.32050807568877 0 1 1 3 -3144 -636 3147 
881 12.5 15.5884572681199 0 13.5 16.45448267190433 0 1 1 3 -3147 -625 3150 
882 13 15.5884572681199 0 14 16.45448267190433 0 1 1 3 -3150 -704 3153 
883 13.5 15.5884572681199 0 14.5 16.45448267190434 0 1 1 3 -3153 714 -3139 
884 15 -3.464101615137754 0 16 -2.598076211353316 0 1 1 3 3157 715 3159 
885 14.5 -3.464101615137754 0 15.5 -2.598076211353316 0 1 1 3 -3159 716 3162 
886 14 -3.464101615137754 0 15 -2.598076211353316 0 1 1 3 -3162 -648 3165 
887 14 -4.330127018922193 0 15 -3.464101615137754 0 1 1 3 -3165 -637 3168 
888 14.5 -4.330127018922194 0 15.5 -3.464101615137754 0 1 1 3 -3168 719 3171 
889 15 -4.330127018922194 0 16 -3.464101615137754 0 1 1 3 -3171 720 -3157 
890 15 -1.732050807568877 0 16 -0.8660254037844386 0 1 1 3 3175 721 3177 
891 14.5 -1.732050807568877 0 15.5 -0.8660254037844384 0 1 1 3 -3177 722 3180 
892 14 -1.732050807568877 0 15 -0.8660254037844384 0 1 1 3 -3180 -654 3183 
893 14 -2.598076211353316 0 15 -1.732050807568877 0 1 1 3 -3183 -643 3186 
894 14.5 -2.598076211353316 0 15.5 -1.732050807568877 0 1 1 3 -3186 -716 3189 
895 15 -2.598076211353316 0 16 -1.732050807568877 0 1 1 3 -3189 726 -3175 
896 15 0 0 16 0.8660254037844386 0 1 1 3 3193 727 3195 
897 14.5 0 0 15.5 0.8660254037844393 0 1 1 3 -3195 728 3198 
898 14 0 0 15 0.8660254037844393 0 1 1 3 -3198 -660 3201 
899 14 -0.8660254037844384 0 15 2.220446049250313e-16 0 1 1 3 -3201 -649 3204 
900 14.5 -0.8660254037844386 0 15.5 0 0 1 1 3 -3204 -722 3207 
901 15 -0.8660254037844386 0 16 0 0 1 1 3 -3207 732 -3193 
902 15 1.732050807568878 0 16 2.598076211353316 0 1 1 3 3211 733 3213 
903 14.5 1.732050807568878 0 15.5 2.598076211353316 0 1 1 3 -3213 734 3216 
904 14 1.732050807568878 0 15 2.598076211353316 0 1 1 3 -3216 -666 3219 
905 14 0.8660254037844393 0 15 1.732050807568878 0 1 1 3 -3219 -655 3222 
906 14.5 0.8660254037844386 0 15.5 1.732050807568878 0 1 1 3 -3222 -728 3225 
907 15 0.8660254037844386 0 16 1.732050807568878 0 1 1 3 -3225 738 -3211 
908 15 3.464101615137754 0 16 4.330127018922193 0 1 1 3 3229 739 3231 
909 14.5 3.464101615137754 0 15.5 4.330127018922193 0 1 1 3 -3231 740 3234 
910 14 3.464101615137754 0 15 4.330127018922193 0 1 1 3 -3234 -672 3237 
911 14 2.598076211353316 0 15 3.464101615137754 0 1 1 3 -3237 -661 3240 
912 14.5 2.598076211353316 0 15.5 3.464101615137754 0 1 1 3 -3240 -734 3243 
913 15 2.598076211353316 0 16 3.464101615137754 0 1 1 3 -3243 744 -3229 
914 15 5.196152422706631 0 16 6.06217782649107 0 1 1 3 3247 745 3249 
915 14.5 5.196152422706631 0 15.5 6.062177826491071 0 1 1 3 -3249 746 3252 
916 14 5.196152422706631 0 15 6.062177826491071 0 1 1 3 -3252 -678 3255 
917 14 4.330127018922193 0 15 5.196152422706631 0 1 1 3 -3255 -667 3258 
918 14.5 4.330127018922193 0 15.5 5.196152422706631 0 1 1 3 -3258 -740 3261 
919 15 4.330127018922193 0 16 5.196152422706631 0 1 1 3 -3261 750 -3247 
920 15 6.92820323027551 0 16 7.794228634059948 0 1 1 3 3265 751 3267 
921 14.5 6.928203230275511 0 15.5 7.794228634059948 0 1 1 3 -3267 752 3270 
922 14 6.92820323027551 0 15 7.794228634059948 0 1 1 3 -3270 -684 3273 
923 14 6.062177826491071 0 15 6.928203230275511 0 1 1 3 -3273 -673 3276 
924 14.5 6.06217782649107 0 15.5 6.928203230275511 0 1 1 3 -3276 -746 3279 
925 15 6.06217782649107 0 16 6.928203230275511 0 1 1 3 -3279 756 -3265 
926 15 8.660254037844386 0 16 9.526279441628825 0 1 1 3 3283 757 3285 
927 14.5 8.660254037844387 0 15.5 9.526279441628825 0 1 1 3 -3285 758 3288 
928 14 8.660254037844387 0 15 9.526279441628825 0 1 1 3 -3288 -690 3291 
929 14 7.794228634059948 0 15 8.660254037844387 0 1 1 3 -3291 -679 3294 
930 14.5 7.794228634059948 0 15.5 8.660254037844387 0 1 1 3 -3294 -752 3297 
931 15 7.794228634059948 0 16 8.660254037844387 0 1 1 3 -3297 762 -3283 
932 15 10.39230484541326 0 16 11.2583302491977 0 1 1 3 3301 763 3303 
933 14.5 10.39230484541327 0 15.5 11.2583302491977 0 1 1 3 -3303 764 3306 
934 14 10.39230484541326 0 15 11.2583302491977 0 1 1 3 -3306 -696 3309 
935 14 9.526279441628825 0 15 10.39230484541327 0 1 1 3 -3309 -685 3312 
936 14.5 9.526279441628825 0 15.5 10.39230484541327 0 1 1 3 -3312 -758 3315 
937 15 9.526279441628825 0 16 10.39230484541327 0 1 1 3 -3315 768 -3301 
938 15 12.12435565298214 0 16 12.99038105676658 0 1 1 3 3319 769 3321 
939 14.5 12.12435565298214 0 15.5 12.99038105676658 0 1 1 3 -3321 770 3324 
940 14 12.12435565298214 0 15 12.99038105676658 0 1 1 3 -3324 -702 3327 
941 14 11.2583302491977 0 15 12.12435565298214 0 1 1 3 -3327 -691 3330 
942 14.5 11.2583302491977 0 15.5 12.12435565298214 0 1 1 3 -3330 -764 3333 
943 15 11.2583302491977 0 16 12.12435565298214 0 1 1 3 -3333 774 -3319 
944 15 13.85640646055102 0 16 14.72243186433546 0 1 1 3 3337 775 3339 
945 14.5 13.85640646055102 0 15.5 14.72243186433546 0 1 1 3 -3339 776 3342 
946 14 13.85640646055102 0 15 14.72243186433546 0 1 1 3 -3342 -708 3345 
947 14 12.99038105676658 0 15 13.85640646055102 0 1 1 3 -3345 -697 3348 
948 14.5 12.99038105676658 0 15.5 13.85640646055102 0 1 1 3 -3348 -770 3351 
949 15 12.99038105676658 0 16 13.85640646055102 0 1 1 3 -3351 780 -3337 
950 15 15.5884572681199 0 16 16.45448267190433 0 1 1 3 3355 781 3357 
951 14.5 15.5884572681199 0 15.5 16.45448267190434 0 1 1 3 -3357 782 3360 
952 14 15.5884572681199 0 15 16.45448267190434 0 1 1 3 -3360 -714 3363 
953 14 14.72243186433546 0 15 15.5884572681199 0 1 1 3 -3363 -703 3366 
954 14.5 14.72243186433546 0 15.5 15.5884572681199 0 1 1 3 -3366 -776 3369 
955 15 14.72243186433546 0 16 15.5884572681199 0 1 1 3 -3369 786 -3355 
956 16.5 -2.598076211353316 0 17.5 -1.732050807568877 0 1 1 3 3373 787 3375 
957 16 -2.598076211353316 0 17 -1.732050807568877 0 1 1 3 -3375 788 3378 
958 15.5 -2.598076211353316 0 16.5 -1.732050807568877 0 1 1 3 -3378 -726 3381 
959 15.5 -3.464101615137754 0 16.5 -2.598076211353316 0 1 1 3 -3381 -715 3384 
960 16 -3.464101615137755 0 17 -2.598076211353316 0 1 1 3 -3384 791 3387 
961 16.5 -3.464101615137755 0 17.5 -2.598076211353316 0 1 1 3 -3387 792 -3373 
962 16.5 -0.8660254037844388 0 17.5 -2.220446049250313e-16 0 1 1 3 3391 793 3393 
963 16 -0.8660254037844388 0 17 0 0 1 1 3 -3393 794 3396 
964 15.5 -0.8660254037844388 0 16.5 0 0 1 1 3 -3396 -732 3399 
965 15.5 -1.732050807568877 0 16.5 -0.8660254037844386 0 1 1 3 -3399 -721 3402 
966 16 -1.732050807568877 0 17 -0.8660254037844388 0 1 1 3 -3402 -788 3405 
967 16.5 -1.732050807568877 0 17.5 -0.8660254037844388 0 1 1 3 -3405 798 -3391 
968 16.5 0.8660254037844384 0 17.5 1.732050807568877 0 1 1 3 3409 799 3411 
969 16 0.8660254037844384 0 17 1.732050807568878 0 1 1 3 -3411 800 3414 
970 15.5 0.8660254037844384 0 16.5 1.732050807568878 0 1 1 3 -3414 -738 3417 
971 15.5 0 0 16.5 0.8660254037844386 0 1 1 3 -3417 -727 3420 
972 16 -2.220446049250313e-16 0 17 0.8660254037844384 0 1 1 3 -3420 -794 3423 
973 16.5 -2.220446049250313e-16 0 17.5 0.8660254037844384 0 1 1 3 -3423 804 -3409 
974 16.5 2.598076211353316 0 17.5 3.464101615137754 0 1 1 3 3427 805 3429 
975 16 2.598076211353316 0 17 3.464101615137754 0 1 1 3 -3429 806 3432 
976 15.5 2.598076211353316 0 16.5 3.464101615137754 0 1 1 3 -3432 -744 3435 
977 15.5 1.732050807568878 0 16.5 2.598076211353316 0 1 1 3 -3435 -733 3438 
978 16 1.732050807568877 0 17 2.598076211353316 0 1 1 3 -3438 -800 3441 
979 16.5 1.732050807568877 0 17.5 2.598076211353316 0 1 1 3 -3441 810 -3427 
980 16.5 4.330127018922192 0 17.5 5.196152422706631 0 1 1 3 3445 811 3447 
981 16 4.330127018922192 0 17 5.196152422706631 0 1 1 3 -3447 812 3450 
982 15.5 4.330127018922192 0 16.5 5.196152422706631 0 1 1 3 -3450 -750 3453 
983 15.5 3.464101615137754 0 16.5 4.330127018922193 0 1 1 3 -3453 -739 3456 
984 16 3.464101615137754 0 17 4.330127018922192 0 1 1 3 -3456 -806 3459 
985 16.5 3.464101615137754 0 17.5 4.330127018922193 0 1 1 3 -3459 816 -3445 
986 16.5 6.06217782649107 0 17.5 6.928203230275508 0 1 1 3 3463 817 3465 
987 16 6.06217782649107 0 17 6.92820323027551 0 1 1 3 -3465 818 3468 
988 15.5 6.06217782649107 0 16.5 6.92820323027551 0 1 1 3 -3468 -756 3471 
989 15.5 5.196152422706631 0 16.5 6.06217782649107 0 1 1 3 -3471 -745 3474 
990 16 5.196152422706631 0 17 6.06217782649107 0 1 1 3 -3474 -812 3477 
991 16.5 5.196152422706631 0 17.5 6.06217782649107 0 1 1 3 -3477 822 -3463 
992 16.5 7.794228634059948 0 17.5 8.660254037844387 0 1 1 3 3481 823 3483 
993 16 7.794228634059948 0 17 8.660254037844387 0 1 1 3 -3483 824 3486 
994 15.5 7.794228634059948 0 16.5 8.660254037844386 0 1 1 3 -3486 -762 3489 
995 15.5 6.92820323027551 0 16.5 7.794228634059948 0 1 1 3 -3489 -751 3492 
996 16 6.928203230275508 0 17 7.794228634059948 0 1 1 3 -3492 -818 3495 
997 16.5 6.928203230275508 0 17.5 7.794228634059948 0 1 1 3 -3495 828 -3481 
998 16.5 9.526279441628823 0 17.5 10.39230484541326 0 1 1 3 3499 829 3501 
999 16 9.526279441628823 0 17 10.39230484541326 0 1 1 3 -3501 830 3504 
1000 15.5 9.526279441628823 0 16.5 10.39230484541326 0 1 1 3 -3504 -768 3507 
1001 15.5 8.660254037844386 0 16.5 9.526279441628825 0 1 1 3 -3507 -757 3510 
1002 16 8.660254037844386 0 17 9.526279441628823 0 1 1 3 -3510 -824 3513 
1003 16.5 8.660254037844387 0 17.5 9.526279441628825 0 1 1 3 -3513 834 -3499 
1004 16.5 11.2583302491977 0 17.5 12.12435565298214 0 1 1 3 3517 835 3519 
1005 16 11.2583302491977 0 17 12.12435565298214 0 1 1 3 -3519 836 3522 
1006 15.5 11.2583302491977 0 16.5 12.12435565298214 0 1 1 3 -3522 -774 3525 
1007 15.5 10.39230484541326 0 16.5 11.2583302491977 0 1 1 3 -3525 -763 3528 
1008 16 10.39230484541326 0 17 11.2583302491977 0 1 1 3 -3528 -830 3531 
1009 16.5 10.39230484541326 0 17.5 11.2583302491977 0 1 1 3 -3531 840 -3517 
1010 16.5 12.99038105676657 0 17.5 13.85640646055102 0 1 1 3 3535 841 3537 
1011 16 12.99038105676657 0 17 13.85640646055102 0 1 1 3 -3537 842 3540 
1012 15.5 12.99038105676657 0 16.5 13.85640646055102 0 1 1 3 -3540 -780 3543 
1013 15.5 12.12435565298214 0 16.5 12.99038105676658 0 1 1 3 -3543 -769 3546 
1014 16 12.12435565298214 0 17 12.99038105676657 0 1 1 3 -3546 -836 3549 
1015 16.5 12.12435565298214 0 17.5 12.99038105676658 0 1 1 3 -3549 846 -3535 
1016 16.5 14.72243186433546 0 17.5 15.58845726811989 0 1 1 3 3553 847 3555 
1017 16 14.72243186433546 0 17 15.5884572681199 0 1 1 3 -3555 848 3558 
1018 15.5 14.72243186433546 0 16.5 15.5884572681199 0 1 1 3 -3558 -786 3561 
1019 15.5 13.85640646055102 0 16.5 14.72243186433546 0 1 1 3 -3561 -775 3564 
1020 16 13.85640646055102 0 17 14.72243186433546 0 1 1 3 -3564 -842 3567 
1021 16.5 13.85640646055102 0 17.5 14.72243186433546 0 1 1 3 -3567 852 -3553 
1022 18 -1.732050807568877 0 19 -0.8660254037844388 0 1 1 3 3571 853 3573 
1023 17.5 -1.732050807568877 0 18.5 -0.8660254037844388 0 1 1 3 -3573 854 3576 
1024 17 -1.732050807568877 0 18 -0.8660254037844388 0 1 1 3 -3576 -798 3579 
1025 17 -2.598076211353316 0 18 -1.732050807568877 0 1 1 3 -3579 -787 3582 
1026 17.5 -2.598076211353316 0 18.5 -1.732050807568877 0 1 1 3 -3582 857 3585 
1027 18 -2.598076211353316 0 19 -1.732050807568877 0 1 1 3 -3585 858 -3571 
1028 18 -2.220446049250313e-16 0 19 0.8660254037844384 0 1 1 3 3589 859 3591 
1029 17.5 -2.220446049250313e-16 0 18.5 0.8660254037844384 0 1 1 3 -3591 860 3594 
1030 17 -2.220446049250313e-16 0 18 0.8660254037844384 0 1 1 3 -3594 -804 3597 
1031 17 -0.8660254037844388 0 18 -1.665334536937735e-16 0 1 1 3 -3597 -793 3600 
1032 17.5 -0.8660254037844388 0 18.5 -2.220446049250313e-16 0 1 1 3 -3600 -854 3603 
1033 18 -0.8660254037844388 0 19 -1.665334536937735e-16 0 1 1 3 -3603 864 -3589 
1034 18 1.732050807568877 0 19 2.598076211353316 0 1 1 3 3607 865 3609 
1035 17.5 1.732050807568877 0 18.5 2.598076211353316 0 1 1 3 -3609 866 3612 
1036 17 1.732050807568877 0 18 2.598076211353316 0 1 1 3 -3612 -810 3615 
1037 17 0.8660254037844384 0 18 1.732050807568877 0 1 1 3 -3615 -799 3618 
1038 17.5 0.8660254037844384 0 18.5 1.732050807568877 0 1 1 3 -3618 -860 3621 
1039 18 0.8660254037844384 0 19 1.732050807568877 0 1 1 3 -3621 870 -3607 
1040 18 3.464101615137754 0 19 4.330127018922193 0 1 1 3 3625 871 3627 
1041 17.5 3.464101615137754 0 18.5 4.330127018922193 0 1 1 3 -3627 872 3630 
1042 17 3.464101615137754 0 18 4.330127018922193 0 1 1 3 -3630 -816 3633 
1043 17 2.598076211353316 0 18 3.464101615137754 0 1 1 3 -3633 -805 3636 
1044 17.5 2.598076211353316 0 18.5 3.464101615137754 0 1 1 3 -3636 -866 3639 
1045 18 2.598076211353316 0 19 3.464101615137754 0 1 1 3 -3639 876 -3625 
1046 18 5.196152422706631 0 19 6.06217782649107 0 1 1 3 3643 877 3645 
1047 17.5 5.196152422706631 0 18.5 6.06217782649107 0 1 1 3 -3645 878 3648 
1048 17 5.196152422706631 0 18 6.06217782649107 0 1 1 3 -3648 -822 3651 
1049 17 4.330127018922193 0 18 5.196152422706631 0 1 1 3 -3651 -811 3654 
1050 17.5 4.330127018922193 0 18.5 5.196152422706631 0 1 1 3 -3654 -872 3657 
1051 18 4.330127018922193 0 19 5.196152422706631 0 1 1 3 -3657 882 -3643 
1052 18 6.928203230275507 0 19 7.794228634059946 0 1 1 3 3661 883 3663 
1053 17.5 6.928203230275507 0 18.5 7.794228634059948 0 1 1 3 -3663 884 3666 
1054 17 6.928203230275507 0 18 7.794228634059948 0 1 1 3 -3666 -828 3669 
1055 17 6.06217782649107 0 18 6.928203230275508 0 1 1 3 -3669 -817 3672 
1056 17.5 6.06217782649107 0 18.5 6.928203230275507 0 1 1 3 -3672 -878 3675 
1057 18 6.06217782649107 0 19 6.928203230275508 0 1 1 3 -3675 888 -3661 
1058 18 8.660254037844387 0 19 9.526279441628827 0 1 1 3 3679 889 3681 
1059 17.5 8.660254037844387 0 18.5 9.526279441628827 0 1 1 3 -3681 890 3684 
1060 17 8.660254037844387 0 18 9.526279441628825 0 1 1 3 -3684 -834 3687 
1061 17 7.794228634059948 0 18 8.660254037844387 0 1 1 3 -3687 -823 3690 
1062 17.5 7.794228634059946 0 18.5 8.660254037844387 0 1 1 3 -3690 -884 3693 
1063 18 7.794228634059946 0 19 8.660254037844387 0 1 1 3 -3693 894 -3679 
1064 18 10.39230484541326 0 19 11.2583302491977 0 1 1 3 3697 895 3699 
1065 17.5 10.39230484541327 0 18.5 11.2583302491977 0 1 1 3 -3699 896 3702 
1066 17 10.39230484541326 0 18 11.2583302491977 0 1 1 3 -3702 -840 3705 
1067 17 9.526279441628825 0 18 10.39230484541327 0 1 1 3 -3705 -829 3708 
1068 17.5 9.526279441628825 0 18.5 10.39230484541327 0 1 1 3 -3708 -890 3711 
1069 18 9.526279441628827 0 19 10.39230484541327 0 1 1 3 -3711 900 -3697 
1070 18 12.12435565298214 0 19 12.99038105676658 0 1 1 3 3715 901 3717 
1071 17.5 12.12435565298214 0 18.5 12.99038105676658 0 1 1 3 -3717 902 3720 
1072 17 12.12435565298214 0 18 12.99038105676658 0 1 1 3 -3720 -846 3723 
1073 17 11.2583302491977 0 18 12.12435565298214 0 1 1 3 -3723 -835 3726 
1074 17.5 11.2583302491977 0 18.5 12.12435565298214 0 1 1 3 -3726 -896 3729 
1075 18 11.2583302491977 0 19 12.12435565298214 0 1 1 3 -3729 906 -3715 
1076 18 13.85640646055102 0 19 14.72243186433546 0 1 1 3 3733 907 3735 
1077 17.5 13.85640646055102 0 18.5 14.72243186433546 0 1 1 3 -3735 908 3738 
1078 17 13.85640646055102 0 18 14.72243186433546 0 1 1 3 -3738 -852 3741 
1079 17 12.99038105676658 0 18 13.85640646055102 0 1 1 3 -3741 -841 3744 
1080 17.5 12.99038105676658 0 18.5 13.85640646055102 0 1 1 3 -3744 -902 3747 
1081 18 12.99038105676658 0 19 13.85640646055102 0 1 1 3 -3747 912 -3733 
1082 19.5 -0.8660254037844388 0 20.5 -2.220446049250313e-16 0 1 1 3 3751 913 3753 
1083 19 -0.8660254037844388 0 20 -2.220446049250313e-16 0 1 1 3 -3753 914 3756 
1084 18.5 -0.8660254037844388 0 19.5 -2.220446049250313e-16 0 1 1 3 -3756 -864 3759 
1085 18.5 -1.732050807568877 0 19.5 -0.8660254037844388 0 1 1 3 -3759 -853 3762 
1086 19 -1.732050807568878 0 20 -0.8660254037844388 0 1 1 3 -3762 917 3765 
1087 19.5 -1.732050807568878 0 20.5 -0.8660254037844388 0 1 1 3 -3765 918 -3751 
1088 19.5 0.8660254037844384 0 20.5 1.732050807568877 0 1 1 3 3769 919 3771 
1089 19 0.8660254037844384 0 20 1.732050807568877 0 1 1 3 -3771 920 3774 
1090 18.5 0.8660254037844384 0 19.5 1.732050807568877 0 1 1 3 -3774 -870 3777 
1091 18.5 -2.220446049250313e-16 0 19.5 0.8660254037844384 0 1 1 3 -3777 -859 3780 
1092 19 -2.220446049250313e-16 0 20 0.8660254037844384 0 1 1 3 -3780 -914 3783 
1093 19.5 -2.220446049250313e-16 0 20.5 0.8660254037844384 0 1 1 3 -3783 924 -3769 
1094 19.5 2.598076211353316 0 20.5 3.464101615137754 0 1 1 3 3787 925 3789 
1095 19 2.598076211353316 0 20 3.464101615137754 0 1 1 3 -3789 926 3792 
1096 18.5 2.598076211353316 0 19.5 3.464101615137754 0 1 1 3 -3792 -876 3795 
1097 18.5 1.732050807568877 0 19.5 2.598076211353316 0 1 1 3 -3795 -865 3798 
1098 19 1.732050807568877 0 20 2.598076211353316 0 1 1 3 -3798 -920 3801 
1099 19.5 1.732050807568877 0 20.5 2.598076211353316 0 1 1 3 -3801 930 -3787 
1100 19.5 4.330127018922192 0 20.5 5.196152422706631 0 1 1 3 3805 931 3807 
1101 19 4.330127018922192 0 20 5.196152422706631 0 1 1 3 -3807 932 3810 
1102 18.5 4.330127018922192 0 19.5 5.196152422706631 0 1 1 3 -3810 -882 3813 
1103 18.5 3.464101615137754 0 19.5 4.330127018922193 0 1 1 3 -3813 -871 3816 
1104 19 3.464101615137754 0 20 4.330127018922192 0 1 1 3 -3816 -926 3819 
1105 19.5 3.464101615137754 0 20.5 4.330127018922193 0 1 1 3 -3819 936 -3805 
1106 19.5 6.06217782649107 0 20.5 6.928203230275508 0 1 1 3 3823 937 3825 
1107 19 6.06217782649107 0 20 6.928203230275508 0 1 1 3 -3825 938 3828 
1108 18.5 6.06217782649107 0 19.5 6.928203230275508 0 1 1 3 -3828 -888 3831 
1109 18.5 5.196152422706631 0 19.5 6.06217782649107 0 1 1 3 -3831 -877 3834 
1110 19 5.196152422706631 0 20 6.06217782649107 0 1 1 3 -3834 -932 3837 
1111 19.5 5.196152422706631 0 20.5 6.06217782649107 0 1 1 3 -3837 942 -3823 
1112 19.5 7.794228634059945 0 20.5 8.660254037844386 0 1 1 3 3841 943 3843 
1113 19 7.794228634059945 0 20 8.660254037844387 0 1 1 3 -3843 944 3846 
1114 18.5 7.794228634059945 0 19.5 8.660254037844387 0 1 1 3 -3846 -894 3849 
1115 18.5 6.928203230275508 0 19.5 7.794228634059946 0 1 1 3 -3849 -883 3852 
1116 19 6.928203230275508 0 20 7.794228634059945 0 1 1 3 -3852 -938 3855 
1117 19.5 6.928203230275508 0 20.5 7.794228634059946 0 1 1 3 -3855 948 -3841 
1118 19.5 9.526279441628823 0 20.5 10.39230484541326 0 1 1 3 3859 949 3861 
1119 19 9.526279441628823 0 20 10.39230484541326 0 1 1 3 -3861 950 3864 
1120 18.5 9.526279441628823 0 19.5 10.39230484541326 0 1 1 3 -3864 -900 3867 
1121 18.5 8.660254037844387 0 19.5 9.526279441628827 0 1 1 3 -3867 -889 3870 
1122 19 8.660254037844386 0 20 9.526279441628823 0 1 1 3 -3870 -944 3873 
1123 19.5 8.660254037844386 0 20.5 9.526279441628825 0 1 1 3 -3873 954 -3859 
1124 19.5 11.2583302491977 0 20.5 12.12435565298214 0 1 1 3 3877 955 3879 
1125 19 11.2583302491977 0 20 12.12435565298214 0 1 1 3 -3879 956 3882 
1126 18.5 11.2583302491977 0 19.5 12.12435565298214 0 1 1 3 -3882 -906 3885 
1127 18.5 10.39230484541326 0 19.5 11.2583302491977 0 1 1 3 -3885 -895 3888 
1128 19 10.39230484541326 0 20 11.2583302491977 0 1 1 3 -3888 -950 3891 
1129 19.5 10.39230484541326 0 20.5 11.2583302491977 0 1 1 3 -3891 960 -3877 
1130 19.5 12.99038105676657 0 20.5 13.85640646055102 0 1 1 3 3895 961 3897 
1131 19 12.99038105676657 0 20 13.85640646055102 0 1 1 3 -3897 962 3900 
1132 18.5 12.99038105676657 0 19.5 13.85640646055102 0 1 1 3 -3900 -912 3903 
1133 18.5 12.12435565298214 0 19.5 12.99038105676658 0 1 1 3 -3903 -901 3906 
1134 19 12.12435565298214 0 20 12.99038105676657 0 1 1 3 -3906 -956 3909 
1135 19.5 12.12435565298214 0 20.5 12.99038105676658 0 1 1 3 -3909 966 -3895 
1136 21 -2.220446049250313e-16 0 22 0.8660254037844384 0 1 1 3 3913 967 3915 
1137 20.5 -2.220446049250313e-16 0 21.5 0.8660254037844384 0 1 1 3 -3915 968 3918 
1138 20 -2.220446049250313e-16 0 21 0.8660254037844384 0 1 1 3 -3918 -924 3921 
1139 20 -0.8660254037844388 0 21 -1.665334536937735e-16 0 1 1 3 -3921 -913 3924 
1140 20.5 -0.8660254037844393 0 21.5 -2.220446049250313e-16 0 1 1 3 -3924 971 3927 
1141 21 -0.8660254037844393 0 22 -1.665334536937735e-16 0 1 1 3 -3927 972 -3913 
1142 21 1.732050807568877 0 22 2.598076211353316 0 1 1 3 3931 973 3933 
1143 20.5 1.732050807568877 0 21.5 2.598076211353316 0 1 1 3 -3933 974 3936 
1144 20 1.732050807568877 0 21 2.598076211353316 0 1 1 3 -3936 -930 3939 
1145 20 0.8660254037844384 0 21 1.732050807568877 0 1 1 3 -3939 -919 3942 
1146 20.5 0.8660254037844384 0 21.5 1.732050807568877 0 1 1 3 -3942 -968 3945 
1147 21 0.8660254037844384 0 22 1.732050807568877 0 1 1 3 -3945 978 -3931 
1148 21 3.464101615137754 0 22 4.330127018922193 0 1 1 3 3949 979 3951 
1149 20.5 3.464101615137754 0 21.5 4.330127018922193 0 1 1 3 -3951 980 3954 
1150 20 3.464101615137754 0 21 4.330127018922193 0 1 1 3 -3954 -936 3957 
1151 20 2.598076211353316 0 21 3.464101615137754 0 1 1 3 -3957 -925 3960 
1152 20.5 2.598076211353316 0 21.5 3.464101615137754 0 1 1 3 -3960 -974 3963 
1153 21 2.598076211353316 0 22 3.464101615137754 0 1 1 3 -3963 984 -3949 
1154 21 5.196152422706632 0 22 6.06217782649107 0 1 1 3 3967 985 3969 
1155 20.5 5.196152422706632 0 21.5 6.06217782649107 0 1 1 3 -3969 986 3972 
1156 20 5.196152422706631 0 21 6.06217782649107 0 1 1 3 -3972 -942 3975 
1157 20 4.330127018922193 0 21 5.196152422706632 0 1 1 3 -3975 -931 3978 
1158 20.5 4.330127018922193 0 21.5 5.196152422706632 0 1 1 3 -3978 -980 3981 
1159 21 4.330127018922193 0 22 5.196152422706632 0 1 1 3 -3981 990 -3967 
1160 21 6.928203230275509 0 22 7.794228634059947 0 1 1 3 3985 991 3987 
1161 20.5 6.92820323027551 0 21.5 7.794228634059947 0 1 1 3 -3987 992 3990 
1162 20 6.928203230275508 0 21 7.794228634059946 0 1 1 3 -3990 -948 3993 
1163 20 6.06217782649107 0 21 6.92820323027551 0 1 1 3 -3993 -937 3996 
1164 20.5 6.06217782649107 0 21.5 6.92820323027551 0 1 1 3 -3996 -986 3999 
1165 21 6.06217782649107 0 22 6.92820323027551 0 1 1 3 -3999 996 -3985 
1166 21 8.660254037844386 0 22 9.526279441628825 0 1 1 3 4003 997 4005 
1167 20.5 8.660254037844387 0 21.5 9.526279441628825 0 1 1 3 -4005 998 4008 
1168 20 8.660254037844386 0 21 9.526279441628825 0 1 1 3 -4008 -954 4011 
1169 20 7.794228634059946 0 21 8.660254037844387 0 1 1 3 -4011 -943 4014 
1170 20.5 7.794228634059946 0 21.5 8.660254037844387 0 1 1 3 -4014 -992 4017 
1171 21 7.794228634059947 0 22 8.660254037844387 0 1 1 3 -4017 1002 -4003 
1172 21 10.39230484541326 0 22 11.2583302491977 0 1 1 3 4021 1003 4023 
1173 20.5 10.39230484541327 0 21.5 11.2583302491977 0 1 1 3 -4023 1004 4026 
1174 20 10.39230484541326 0 21 11.2583302491977 0 1 1 3 -4026 -960 4029 
1175 20 9.526279441628825 0 21 10.39230484541327 0 1 1 3 -4029 -949 4032 
1176 20.5 9.526279441628825 0 21.5 10.39230484541327 0 1 1 3 -4032 -998 4035 
1177 21 9.526279441628825 0 22 10.39230484541327 0 1 1 3 -4035 1008 -4021 
1178 21 12.12435565298214 0 22 12.99038105676658 0 1 1 3 4039 1009 4041 
1179 20.5 12.12435565298214 0 21.5 12.99038105676658 0 1 1 3 -4041 1010 4044 
1180 20 12.12435565298214 0 21 12.99038105676658 0 1 1 3 -4044 -966 4047 
1181 20 11.2583302491977 0 21 12.12435565298214 0 1 1 3 -4047 -955 4050 
1182 20.5 11.2583302491977 0 21.5 12.12435565298214 0 1 1 3 -4050 -1004 4053 
1183 21 11.2583302491977 0 22 12.12435565298214 0 1 1 3 -4053 1014 -4039 
$EndEntities
$Nodes
2119 553 1 553
0 1 0 1
1
1 0 0
0 2 0 1
2
0.5000000000000001 0.8660254037844386 0
0 3 0 1
3
-0.4999999999999998 0.8660254037844387 0
0 4 0 1
4
-1 1.224646799147353e-16 0
0 5 0 1
5
-0.5000000000000004 -0.8660254037844384 0
0 6 0 1
6
0.4999999999999993 -0.866025403784439 0
0 7 0 1
7
1 1.732050807568877 0
0 8 0 1
8
0.5000000000000001 2.598076211353316 0
0 9 0 1
9
-0.4999999999999998 2.598076211353316 0
0 10 0 1
10
-1 1.732050807568877 0
0 13 0 1
11
1 3.464101615137754 0
0 14 0 1
12
0.5000000000000001 4.330127018922193 0
0 15 0 1
13
-0.4999999999999998 4.330127018922193 0
0 16 0 1
14
-1 3.464101615137754 0
0 19 0 1
15
1 5.196152422706632 0
0 20 0 1
16
0.5000000000000001 6.06217782649107 0
0 21 0 1
17
-0.4999999999999998 6.06217782649107 0
0 22 0 1
18
-1 5.196152422706632 0
0 25 0 1
19
1 6.928203230275509 0
0 26 0 1
20
0.5000000000000001 7.794228634059947 0
0 27 0 1
21
-0.4999999999999998 7.794228634059947 0
0 28 0 1
22
-1 6.928203230275509 0
0 31 0 1
23
1 8.660254037844386 0
0 32 0 1
24
0.5000000000000001 9.526279441628825 0
0 33 0 1
25
-0.4999999999999998 9.526279441628825 0
0 34 0 1
26
-1 8.660254037844386 0
0 37 0 1
27
1 10.39230484541326 0
0 38 0 1
28
0.5000000000000001 11.2583302491977 0
0 39 0 1
29
-0.4999999999999998 11.2583302491977 0
0 40 0 1
30
-1 10.39230484541326 0
0 43 0 1
31
1 12.12435565298214 0
0 44 0 1
32
0.5000000000000001 12.99038105676658 0
0 45 0 1
33
-0.4999999999999998 12.99038105676658 0
0 46 0 1
34
-1 12.12435565298214 0
0 49 0 1
35
2.5 -0.8660254037844386 0
0 50 0 1
36
2 0 0
0 53 0 1
37
0.9999999999999996 -1.732050807568877 0
0 54 0 1
38
1.999999999999999 -1.732050807568878 0
0 55 0 1
39
2.5 0.8660254037844386 0
0 56 0 1
40
2 1.732050807568877 0
0 61 0 1
41
2.5 2.598076211353316 0
0 62 0 1
42
2 3.464101615137754 0
0 67 0 1
43
2.5 4.330127018922194 0
0 68 0 1
44
2 5.196152422706632 0
0 73 0 1
45
2.5 6.06217782649107 0
0 74 0 1
46
2 6.928203230275509 0
0 79 0 1
47
2.5 7.794228634059947 0
0 80 0 1
48
2 8.660254037844386 0
0 85 0 1
49
2.5 9.526279441628825 0
0 86 0 1
50
2 10.39230484541326 0
0 91 0 1
51
2.5 11.2583302491977 0
0 92 0 1
52
2 12.12435565298214 0
0 97 0 1
53
2.5 12.99038105676658 0
0 98 0 1
54
2 13.85640646055102 0
0 99 0 1
55
1 13.85640646055102 0
0 103 0 1
56
4 -1.732050807568877 0
0 104 0 1
57
3.5 -0.8660254037844386 0
0 107 0 1
58
2.5 -2.598076211353316 0
0 108 0 1
59
3.499999999999999 -2.598076211353316 0
0 109 0 1
60
4 0 0
0 110 0 1
61
3.5 0.8660254037844386 0
0 115 0 1
62
4 1.732050807568877 0
0 116 0 1
63
3.5 2.598076211353316 0
0 121 0 1
64
4 3.464101615137755 0
0 122 0 1
65
3.5 4.330127018922194 0
0 127 0 1
66
4 5.196152422706632 0
0 128 0 1
67
3.5 6.06217782649107 0
0 133 0 1
68
4 6.928203230275509 0
0 134 0 1
69
3.5 7.794228634059947 0
0 139 0 1
70
4 8.660254037844387 0
0 140 0 1
71
3.5 9.526279441628827 0
0 145 0 1
72
4 10.39230484541326 0
0 146 0 1
73
3.5 11.2583302491977 0
0 151 0 1
74
4 12.12435565298214 0
0 152 0 1
75
3.5 12.99038105676658 0
0 157 0 1
76
4 13.85640646055102 0
0 158 0 1
77
3.5 14.72243186433546 0
0 159 0 1
78
2.5 14.72243186433546 0
0 163 0 1
79
5.5 -2.598076211353316 0
0 164 0 1
80
5 -1.732050807568877 0
0 167 0 1
81
4 -3.464101615137754 0
0 168 0 1
82
4.999999999999999 -3.464101615137755 0
0 169 0 1
83
5.5 -0.8660254037844388 0
0 170 0 1
84
5 -2.220446049250313e-16 0
0 175 0 1
85
5.5 0.8660254037844384 0
0 176 0 1
86
5 1.732050807568877 0
0 181 0 1
87
5.5 2.598076211353316 0
0 182 0 1
88
5 3.464101615137754 0
0 187 0 1
89
5.5 4.330127018922193 0
0 188 0 1
90
5 5.196152422706631 0
0 193 0 1
91
5.5 6.06217782649107 0
0 194 0 1
92
5 6.928203230275508 0
0 199 0 1
93
5.5 7.794228634059948 0
0 200 0 1
94
5 8.660254037844387 0
0 205 0 1
95
5.5 9.526279441628825 0
0 206 0 1
96
5 10.39230484541326 0
0 211 0 1
97
5.5 11.2583302491977 0
0 212 0 1
98
5 12.12435565298214 0
0 217 0 1
99
5.5 12.99038105676658 0
0 218 0 1
100
5 13.85640646055102 0
0 223 0 1
101
5.5 14.72243186433546 0
0 224 0 1
102
5 15.58845726811989 0
0 225 0 1
103
4 15.58845726811989 0
0 229 0 1
104
7 -3.464101615137754 0
0 230 0 1
105
6.5 -2.598076211353316 0
0 233 0 1
106
5.5 -4.330127018922193 0
0 234 0 1
107
6.499999999999999 -4.330127018922194 0
0 235 0 1
108
7 -1.732050807568877 0
0 236 0 1
109
6.5 -0.8660254037844386 0
0 241 0 1
110
7 0 0
0 242 0 1
111
6.5 0.8660254037844386 0
0 247 0 1
112
7 1.732050807568878 0
0 248 0 1
113
6.5 2.598076211353316 0
0 253 0 1
114
7 3.464101615137754 0
0 254 0 1
115
6.5 4.330127018922193 0
0 259 0 1
116
7 5.196152422706631 0
0 260 0 1
117
6.5 6.06217782649107 0
0 265 0 1
118
7 6.92820323027551 0
0 266 0 1
119
6.5 7.794228634059948 0
0 271 0 1
120
7 8.660254037844386 0
0 272 0 1
121
6.5 9.526279441628825 0
0 277 0 1
122
7 10.39230484541326 0
0 278 0 1
123
6.5 11.2583302491977 0
0 283 0 1
124
7 12.12435565298214 0
0 284 0 1
125
6.5 12.99038105676658 0
0 289 0 1
126
7 13.85640646055102 0
0 290 0 1
127
6.5 14.72243186433546 0
0 295 0 1
128
7 15.5884572681199 0
0 296 0 1
129
6.5 16.45448267190433 0
0 297 0 1
130
5.5 16.45448267190433 0
0 301 0 1
131
8.5 -4.330127018922193 0
0 302 0 1
132
8 -3.464101615137754 0
0 305 0 1
133
7 -5.196152422706631 0
0 306 0 1
134
7.999999999999999 -5.196152422706632 0
0 307 0 1
135
8.5 -2.598076211353316 0
0 308 0 1
136
8 -1.732050807568877 0
0 313 0 1
137
8.5 -0.8660254037844384 0
0 314 0 1
138
8 2.220446049250313e-16 0
0 319 0 1
139
8.5 0.8660254037844393 0
0 320 0 1
140
8 1.732050807568878 0
0 325 0 1
141
8.5 2.598076211353316 0
0 326 0 1
142
8 3.464101615137754 0
0 331 0 1
143
8.5 4.330127018922193 0
0 332 0 1
144
8 5.196152422706631 0
0 337 0 1
145
8.5 6.062177826491071 0
0 338 0 1
146
8 6.92820323027551 0
0 343 0 1
147
8.5 7.794228634059948 0
0 344 0 1
148
8 8.660254037844387 0
0 349 0 1
149
8.5 9.526279441628825 0
0 350 0 1
150
8 10.39230484541326 0
0 355 0 1
151
8.5 11.2583302491977 0
0 356 0 1
152
8 12.12435565298214 0
0 361 0 1
153
8.5 12.99038105676658 0
0 362 0 1
154
8 13.85640646055102 0
0 367 0 1
155
8.5 14.72243186433546 0
0 368 0 1
156
8 15.5884572681199 0
0 373 0 1
157
8.5 16.45448267190434 0
0 374 0 1
158
8 17.32050807568877 0
0 375 0 1
159
7 17.32050807568877 0
0 379 0 1
160
10 -5.196152422706631 0
0 380 0 1
161
9.5 -4.330127018922193 0
0 383 0 1
162
8.5 -6.06217782649107 0
0 384 0 1
163
9.5 -6.06217782649107 0
0 385 0 1
164
10 -3.464101615137754 0
0 386 0 1
165
9.5 -2.598076211353315 0
0 391 0 1
166
10 -1.732050807568877 0
0 392 0 1
167
9.5 -0.8660254037844382 0
0 397 0 1
168
10 8.881784197001252e-16 0
0 398 0 1
169
9.5 0.8660254037844395 0
0 403 0 1
170
10 1.732050807568878 0
0 404 0 1
171
9.5 2.598076211353316 0
0 409 0 1
172
10 3.464101615137754 0
0 410 0 1
173
9.5 4.330127018922193 0
0 415 0 1
174
10 5.196152422706633 0
0 416 0 1
175
9.5 6.062177826491071 0
0 421 0 1
176
10 6.92820323027551 0
0 422 0 1
177
9.5 7.794228634059948 0
0 427 0 1
178
10 8.660254037844386 0
0 428 0 1
179
9.5 9.526279441628825 0
0 433 0 1
180
10 10.39230484541326 0
0 434 0 1
181
9.5 11.2583302491977 0
0 439 0 1
182
10 12.12435565298214 0
0 440 0 1
183
9.5 12.99038105676658 0
0 445 0 1
184
10 13.85640646055102 0
0 446 0 1
185
9.5 14.72243186433546 0
0 451 0 1
186
10 15.5884572681199 0
0 452 0 1
187
9.5 16.45448267190433 0
0 457 0 1
188
10 17.32050807568877 0
0 458 0 1
189
9.5 18.18653347947321 0
0 459 0 1
190
8.5 18.18653347947321 0
0 463 0 1
191
11.5 -6.06217782649107 0
0 464 0 1
192
11 -5.196152422706631 0
0 467 0 1
193
10 -6.928203230275508 0
0 468 0 1
194
11 -6.928203230275509 0
0 469 0 1
195
11.5 -4.330127018922193 0
0 470 0 1
196
11 -3.464101615137754 0
0 475 0 1
197
11.5 -2.598076211353315 0
0 476 0 1
198
11 -1.732050807568877 0
0 481 0 1
199
11.5 -0.8660254037844375 0
0 482 0 1
200
11 1.110223024625157e-15 0
0 487 0 1
201
11.5 0.8660254037844393 0
0 488 0 1
202
11 1.732050807568878 0
0 493 0 1
203
11.5 2.598076211353316 0
0 494 0 1
204
11 3.464101615137754 0
0 499 0 1
205
11.5 4.330127018922195 0
0 500 0 1
206
11 5.196152422706633 0
0 505 0 1
207
11.5 6.062177826491071 0
0 506 0 1
208
11 6.92820323027551 0
0 511 0 1
209
11.5 7.794228634059948 0
0 512 0 1
210
11 8.660254037844387 0
0 517 0 1
211
11.5 9.526279441628825 0
0 518 0 1
212
11 10.39230484541326 0
0 523 0 1
213
11.5 11.2583302491977 0
0 524 0 1
214
11 12.12435565298214 0
0 529 0 1
215
11.5 12.99038105676658 0
0 530 0 1
216
11 13.85640646055102 0
0 535 0 1
217
11.5 14.72243186433546 0
0 536 0 1
218
11 15.5884572681199 0
0 541 0 1
219
11.5 16.45448267190433 0
0 542 0 1
220
11 17.32050807568877 0
0 547 0 1
221
11.5 18.18653347947321 0
0 548 0 1
222
11 19.05255888325765 0
0 549 0 1
223
10 19.05255888325765 0
0 553 0 1
224
13 -5.196152422706631 0
0 554 0 1
225
12.5 -4.330127018922193 0
0 558 0 1
226
12.5 -6.06217782649107 0
0 559 0 1
227
13 -3.464101615137754 0
0 560 0 1
228
12.5 -2.598076211353315 0
0 565 0 1
229
13 -1.732050807568877 0
0 566 0 1
230
12.5 -0.8660254037844382 0
0 571 0 1
231
13 8.881784197001252e-16 0
0 572 0 1
232
12.5 0.8660254037844395 0
0 577 0 1
233
13 1.732050807568878 0
0 578 0 1
234
12.5 2.598076211353316 0
0 583 0 1
235
13 3.464101615137754 0
0 584 0 1
236
12.5 4.330127018922193 0
0 589 0 1
237
13 5.196152422706633 0
0 590 0 1
238
12.5 6.062177826491071 0
0 595 0 1
239
13 6.92820323027551 0
0 596 0 1
240
12.5 7.794228634059948 0
0 601 0 1
241
13 8.660254037844386 0
0 602 0 1
242
12.5 9.526279441628825 0
0 607 0 1
243
13 10.39230484541326 0
0 608 0 1
244
12.5 11.2583302491977 0
0 613 0 1
245
13 12.12435565298214 0
0 614 0 1
246
12.5 12.99038105676658 0
0 619 0 1
247
13 13.85640646055102 0
0 620 0 1
248
12.5 14.72243186433546 0
0 625 0 1
249
13 15.5884572681199 0
0 626 0 1
250
12.5 16.45448267190433 0
0 631 0 1
251
13 17.32050807568877 0
0 632 0 1
252
12.5 18.18653347947321 0
0 637 0 1
253
14.5 -4.330127018922193 0
0 638 0 1
254
14 -3.464101615137754 0
0 642 0 1
255
14 -5.196152422706632 0
0 643 0 1
256
14.5 -2.598076211353316 0
0 644 0 1
257
14 -1.732050807568877 0
0 649 0 1
258
14.5 -0.8660254037844384 0
0 650 0 1
259
14 2.220446049250313e-16 0
0 655 0 1
260
14.5 0.8660254037844393 0
0 656 0 1
261
14 1.732050807568878 0
0 661 0 1
262
14.5 2.598076211353316 0
0 662 0 1
263
14 3.464101615137754 0
0 667 0 1
264
14.5 4.330127018922193 0
0 668 0 1
265
14 5.196152422706631 0
0 673 0 1
266
14.5 6.062177826491071 0
0 674 0 1
267
14 6.92820323027551 0
0 679 0 1
268
14.5 7.794228634059948 0
0 680 0 1
269
14 8.660254037844387 0
0 685 0 1
270
14.5 9.526279441628825 0
0 686 0 1
271
14 10.39230484541326 0
0 691 0 1
272
14.5 11.2583302491977 0
0 692 0 1
273
14 12.12435565298214 0
0 697 0 1
274
14.5 12.99038105676658 0
0 698 0 1
275
14 13.85640646055102 0
0 703 0 1
276
14.5 14.72243186433546 0
0 704 0 1
277
14 15.5884572681199 0
0 709 0 1
278
14.5 16.45448267190434 0
0 710 0 1
279
14 17.32050807568877 0
0 715 0 1
280
16 -3.464101615137754 0
0 716 0 1
281
15.5 -2.598076211353316 0
0 720 0 1
282
15.5 -4.330127018922194 0
0 721 0 1
283
16 -1.732050807568877 0
0 722 0 1
284
15.5 -0.8660254037844386 0
0 727 0 1
285
16 0 0
0 728 0 1
286
15.5 0.8660254037844386 0
0 733 0 1
287
16 1.732050807568878 0
0 734 0 1
288
15.5 2.598076211353316 0
0 739 0 1
289
16 3.464101615137754 0
0 740 0 1
290
15.5 4.330127018922193 0
0 745 0 1
291
16 5.196152422706631 0
0 746 0 1
292
15.5 6.06217782649107 0
0 751 0 1
293
16 6.92820323027551 0
0 752 0 1
294
15.5 7.794228634059948 0
0 757 0 1
295
16 8.660254037844386 0
0 758 0 1
296
15.5 9.526279441628825 0
0 763 0 1
297
16 10.39230484541326 0
0 764 0 1
298
15.5 11.2583302491977 0
0 769 0 1
299
16 12.12435565298214 0
0 770 0 1
300
15.5 12.99038105676658 0
0 775 0 1
301
16 13.85640646055102 0
0 776 0 1
302
15.5 14.72243186433546 0
0 781 0 1
303
16 15.5884572681199 0
0 782 0 1
304
15.5 16.45448267190433 0
0 787 0 1
305
17.5 -2.598076211353316 0
0 788 0 1
306
17 -1.732050807568877 0
0 792 0 1
307
17 -3.464101615137755 0
0 793 0 1
308
17.5 -0.8660254037844388 0
0 794 0 1
309
17 -2.220446049250313e-16 0
0 799 0 1
310
17.5 0.8660254037844384 0
0 800 0 1
311
17 1.732050807568877 0
0 805 0 1
312
17.5 2.598076211353316 0
0 806 0 1
313
17 3.464101615137754 0
0 811 0 1
314
17.5 4.330127018922193 0
0 812 0 1
315
17 5.196152422706631 0
0 817 0 1
316
17.5 6.06217782649107 0
0 818 0 1
317
17 6.928203230275508 0
0 823 0 1
318
17.5 7.794228634059948 0
0 824 0 1
319
17 8.660254037844387 0
0 829 0 1
320
17.5 9.526279441628825 0
0 830 0 1
321
17 10.39230484541326 0
0 835 0 1
322
17.5 11.2583302491977 0
0 836 0 1
323
17 12.12435565298214 0
0 841 0 1
324
17.5 12.99038105676658 0
0 842 0 1
325
17 13.85640646055102 0
0 847 0 1
326
17.5 14.72243186433546 0
0 848 0 1
327
17 15.58845726811989 0
0 853 0 1
328
19 -1.732050807568877 0
0 854 0 1
329
18.5 -0.8660254037844388 0
0 858 0 1
330
18.5 -2.598076211353316 0
0 859 0 1
331
19 -2.220446049250313e-16 0
0 860 0 1
332
18.5 0.8660254037844384 0
0 865 0 1
333
19 1.732050807568877 0
0 866 0 1
334
18.5 2.598076211353316 0
0 871 0 1
335
19 3.464101615137754 0
0 872 0 1
336
18.5 4.330127018922193 0
0 877 0 1
337
19 5.196152422706631 0
0 878 0 1
338
18.5 6.06217782649107 0
0 883 0 1
339
19 6.928203230275508 0
0 884 0 1
340
18.5 7.794228634059946 0
0 889 0 1
341
19 8.660254037844387 0
0 890 0 1
342
18.5 9.526279441628827 0
0 895 0 1
343
19 10.39230484541326 0
0 896 0 1
344
18.5 11.2583302491977 0
0 901 0 1
345
19 12.12435565298214 0
0 902 0 1
346
18.5 12.99038105676658 0
0 907 0 1
347
19 13.85640646055102 0
0 908 0 1
348
18.5 14.72243186433546 0
0 913 0 1
349
20.5 -0.8660254037844388 0
0 914 0 1
350
20 -2.220446049250313e-16 0
0 918 0 1
351
20 -1.732050807568878 0
0 919 0 1
352
20.5 0.8660254037844384 0
0 920 0 1
353
20 1.732050807568877 0
0 925 0 1
354
20.5 2.598076211353316 0
0 926 0 1
355
20 3.464101615137754 0
0 931 0 1
356
20.5 4.330127018922193 0
0 932 0 1
357
20 5.196152422706631 0
0 937 0 1
358
20.5 6.06217782649107 0
0 938 0 1
359
20 6.928203230275508 0
0 943 0 1
360
20.5 7.794228634059946 0
0 944 0 1
361
20 8.660254037844386 0
0 949 0 1
362
20.5 9.526279441628825 0
0 950 0 1
363
20 10.39230484541326 0
0 955 0 1
364
20.5 11.2583302491977 0
0 956 0 1
365
20 12.12435565298214 0
0 961 0 1
366
20.5 12.99038105676658 0
0 962 0 1
367
20 13.85640646055102 0
0 967 0 1
368
22 -2.220446049250313e-16 0
0 968 0 1
369
21.5 0.8660254037844384 0
0 972 0 1
370
21.5 -0.8660254037844393 0
0 973 0 1
371
22 1.732050807568877 0
0 974 0 1
372
21.5 2.598076211353316 0
0 979 0 1
373
22 3.464101615137754 0
0 980 0 1
374
21.5 4.330127018922193 0
0 985 0 1
375
22 5.196152422706632 0
0 986 0 1
376
21.5 6.06217782649107 0
0 991 0 1
377
22 6.928203230275509 0
0 992 0 1
378
21.5 7.794228634059947 0
0 997 0 1
379
22 8.660254037844386 0
0 998 0 1
380
21.5 9.526279441628825 0
0 1003 0 1
381
22 10.39230484541326 0
0 1004 0 1
382
21.5 11.2583302491977 0
0 1009 0 1
383
22 12.12435565298214 0
0 1010 0 1
384
21.5 12.99038105676658 0
0 1015 0 1
385
-1.480297366166875e-16 0 0
0 1016 0 1
386
-1.480297366166875e-16 1.732050807568877 0
0 1017 0 1
387
-1.480297366166875e-16 3.464101615137754 0
0 1018 0 1
388
-1.480297366166875e-16 5.196152422706632 0
0 1019 0 1
389
-1.480297366166875e-16 6.92820323027551 0
0 1020 0 1
390
-1.480297366166875e-16 8.660254037844387 0
0 1021 0 1
391
-1.480297366166875e-16 10.39230484541327 0
0 1022 0 1
392
-1.480297366166875e-16 12.12435565298214 0
0 1023 0 1
393
1.5 -0.8660254037844387 0
0 1024 0 1
394
1.5 0.8660254037844384 0
0 1025 0 1
395
1.5 2.598076211353316 0
0 1026 0 1
396
1.5 4.330127018922194 0
0 1027 0 1
397
1.5 6.06217782649107 0
0 1028 0 1
398
1.5 7.794228634059947 0
0 1029 0 1
399
1.5 9.526279441628823 0
0 1030 0 1
400
1.5 11.2583302491977 0
0 1031 0 1
401
1.5 12.99038105676657 0
0 1032 0 1
402
3 -1.732050807568877 0
0 1033 0 1
403
3 0 0
0 1034 0 1
404
3 1.732050807568877 0
0 1035 0 1
405
3 3.464101615137755 0
0 1036 0 1
406
3 5.196152422706632 0
0 1037 0 1
407
3 6.92820323027551 0
0 1038 0 1
408
3 8.660254037844387 0
0 1039 0 1
409
3 10.39230484541327 0
0 1040 0 1
410
3 12.12435565298214 0
0 1041 0 1
411
3 13.85640646055102 0
0 1042 0 1
412
4.5 -2.598076211353316 0
0 1043 0 1
413
4.5 -0.8660254037844388 0
0 1044 0 1
414
4.5 0.8660254037844384 0
0 1045 0 1
415
4.5 2.598076211353316 0
0 1046 0 1
416
4.5 4.330127018922192 0
0 1047 0 1
417
4.5 6.06217782649107 0
0 1048 0 1
418
4.5 7.794228634059948 0
0 1049 0 1
419
4.5 9.526279441628823 0
0 1050 0 1
420
4.5 11.2583302491977 0
0 1051 0 1
421
4.5 12.99038105676657 0
0 1052 0 1
422
4.5 14.72243186433546 0
0 1053 0 1
423
6 -3.464101615137754 0
0 1054 0 1
424
6 -1.732050807568877 0
0 1055 0 1
425
6 0 0
0 1056 0 1
426
6 1.732050807568878 0
0 1057 0 1
427
6 3.464101615137754 0
0 1058 0 1
428
6 5.196152422706631 0
0 1059 0 1
429
6 6.928203230275511 0
0 1060 0 1
430
6 8.660254037844387 0
0 1061 0 1
431
6 10.39230484541327 0
0 1062 0 1
432
6 12.12435565298214 0
0 1063 0 1
433
6 13.85640646055102 0
0 1064 0 1
434
6 15.5884572681199 0
0 1065 0 1
435
7.5 -4.330127018922193 0
0 1066 0 1
436
7.5 -2.598076211353316 0
0 1067 0 1
437
7.5 -0.8660254037844384 0
0 1068 0 1
438
7.5 0.8660254037844392 0
0 1069 0 1
439
7.5 2.598076211353316 0
0 1070 0 1
440
7.5 4.330127018922192 0
0 1071 0 1
441
7.5 6.06217782649107 0
0 1072 0 1
442
7.5 7.794228634059948 0
0 1073 0 1
443
7.5 9.526279441628823 0
0 1074 0 1
444
7.5 11.2583302491977 0
0 1075 0 1
445
7.5 12.99038105676657 0
0 1076 0 1
446
7.5 14.72243186433546 0
0 1077 0 1
447
7.5 16.45448267190433 0
0 1078 0 1
448
9 -5.196152422706631 0
0 1079 0 1
449
9 -3.464101615137753 0
0 1080 0 1
450
9 -1.732050807568877 0
0 1081 0 1
451
9 8.881784197001252e-16 0
0 1082 0 1
452
9 1.732050807568878 0
0 1083 0 1
453
9 3.464101615137754 0
0 1084 0 1
454
9 5.196152422706633 0
0 1085 0 1
455
9 6.928203230275511 0
0 1086 0 1
456
9 8.660254037844387 0
0 1087 0 1
457
9 10.39230484541327 0
0 1088 0 1
458
9 12.12435565298214 0
0 1089 0 1
459
9 13.85640646055102 0
0 1090 0 1
460
9 15.5884572681199 0
0 1091 0 1
461
9 17.32050807568877 0
0 1092 0 1
462
10.5 -6.06217782649107 0
0 1093 0 1
463
10.5 -4.330127018922193 0
0 1094 0 1
464
10.5 -2.598076211353315 0
0 1095 0 1
465
10.5 -0.8660254037844375 0
0 1096 0 1
466
10.5 0.8660254037844392 0
0 1097 0 1
467
10.5 2.598076211353316 0
0 1098 0 1
468
10.5 4.330127018922195 0
0 1099 0 1
469
10.5 6.06217782649107 0
0 1100 0 1
470
10.5 7.794228634059948 0
0 1101 0 1
471
10.5 9.526279441628823 0
0 1102 0 1
472
10.5 11.2583302491977 0
0 1103 0 1
473
10.5 12.99038105676658 0
0 1104 0 1
474
10.5 14.72243186433546 0
0 1105 0 1
475
10.5 16.45448267190433 0
0 1106 0 1
476
10.5 18.18653347947321 0
0 1107 0 1
477
12 -5.196152422706631 0
0 1108 0 1
478
12 -3.464101615137753 0
0 1109 0 1
479
12 -1.732050807568877 0
0 1110 0 1
480
12 8.881784197001252e-16 0
0 1111 0 1
481
12 1.732050807568878 0
0 1112 0 1
482
12 3.464101615137754 0
0 1113 0 1
483
12 5.196152422706633 0
0 1114 0 1
484
12 6.928203230275511 0
0 1115 0 1
485
12 8.660254037844387 0
0 1116 0 1
486
12 10.39230484541327 0
0 1117 0 1
487
12 12.12435565298214 0
0 1118 0 1
488
12 13.85640646055102 0
0 1119 0 1
489
12 15.5884572681199 0
0 1120 0 1
490
12 17.32050807568877 0
0 1121 0 1
491
13.5 -4.330127018922193 0
0 1122 0 1
492
13.5 -2.598076211353316 0
0 1123 0 1
493
13.5 -0.8660254037844384 0
0 1124 0 1
494
13.5 0.8660254037844392 0
0 1125 0 1
495
13.5 2.598076211353316 0
0 1126 0 1
496
13.5 4.330127018922192 0
0 1127 0 1
497
13.5 6.06217782649107 0
0 1128 0 1
498
13.5 7.794228634059948 0
0 1129 0 1
499
13.5 9.526279441628823 0
0 1130 0 1
500
13.5 11.2583302491977 0
0 1131 0 1
501
13.5 12.99038105676657 0
0 1132 0 1
502
13.5 14.72243186433546 0
0 1133 0 1
503
13.5 16.45448267190433 0
0 1134 0 1
504
15 -3.464101615137754 0
0 1135 0 1
505
15 -1.732050807568877 0
0 1136 0 1
506
15 0 0
0 1137 0 1
507
15 1.732050807568878 0
0 1138 0 1
508
15 3.464101615137754 0
0 1139 0 1
509
15 5.196152422706631 0
0 1140 0 1
510
15 6.928203230275511 0
0 1141 0 1
511
15 8.660254037844387 0
0 1142 0 1
512
15 10.39230484541327 0
0 1143 0 1
513
15 12.12435565298214 0
0 1144 0 1
514
15 13.85640646055102 0
0 1145 0 1
515
15 15.5884572681199 0
0 1146 0 1
516
16.5 -2.598076211353316 0
0 1147 0 1
517
16.5 -0.8660254037844388 0
0 1148 0 1
518
16.5 0.8660254037844384 0
0 1149 0 1
519
16.5 2.598076211353316 0
0 1150 0 1
520
16.5 4.330127018922192 0
0 1151 0 1
521
16.5 6.06217782649107 0
0 1152 0 1
522
16.5 7.794228634059948 0
0 1153 0 1
523
16.5 9.526279441628823 0
0 1154 0 1
524
16.5 11.2583302491977 0
0 1155 0 1
525
16.5 12.99038105676657 0
0 1156 0 1
526
16.5 14.72243186433546 0
0 1157 0 1
527
18 -1.732050807568877 0
0 1158 0 1
528
18 -1.850371707708594e-16 0
0 1159 0 1
529
18 1.732050807568877 0
0 1160 0 1
530
18 3.464101615137754 0
0 1161 0 1
531
18 5.196152422706631 0
0 1162 0 1
532
18 6.928203230275507 0
0 1163 0 1
533
18 8.660254037844387 0
0 1164 0 1
534
18 10.39230484541327 0
0 1165 0 1
535
18 12.12435565298214 0
0 1166 0 1
536
18 13.85640646055102 0
0 1167 0 1
537
19.5 -0.8660254037844388 0
0 1168 0 1
538
19.5 0.8660254037844384 0
0 1169 0 1
539
19.5 2.598076211353316 0
0 1170 0 1
540
19.5 4.330127018922192 0
0 1171 0 1
541
19.5 6.06217782649107 0
0 1172 0 1
542
19.5 7.794228634059945 0
0 1173 0 1
543
19.5 9.526279441628823 0
0 1174 0 1
544
19.5 11.2583302491977 0
0 1175 0 1
545
19.5 12.99038105676657 0
0 1176 0 1
546
21 -1.850371707708594e-16 0
0 1177 0 1
547
21 1.732050807568877 0
0 1178 0 1
548
21 3.464101615137754 0
0 1179 0 1
549
21 5.196152422706632 0
0 1180 0 1
550
21 6.92820323027551 0
0 1181 0 1
551
21 8.660254037844387 0
0 1182 0 1
552
21 10.39230484541327 0
0 1183 0 1
553
21 12.12435565298214 0
1 1 0 0
1 2 0 0
1 3 0 0
1 4 0 0
1 5 0 0
1 6 0 0
1 7 0 0
1 8 0 0
1 9 0 0
1 10 0 0
1 12 0 0
1 13 0 0
1 14 0 0
1 15 0 0
1 16 0 0
1 18 0 0
1 19 0 0
1 20 0 0
1 21 0 0
1 22 0 0
1 24 0 0
1 25 0 0
1 26 0 0
1 27 0 0
1 28 0 0
1 30 0 0
1 31 0 0
1 32 0 0
1 33 0 0
1 34 0 0
1 36 0 0
1 37 0 0
1 38 0 0
1 39 0 0
1 40 0 0
1 42 0 0
1 43 0 0
1 44 0 0
1 45 0 0
1 46 0 0
1 48 0 0
1 49 0 0
1 50 0 0
1 52 0 0
1 53 0 0
1 54 0 0
1 55 0 0
1 56 0 0
1 60 0 0
1 61 0 0
1 62 0 0
1 66 0 0
1 67 0 0
1 68 0 0
1 72 0 0
1 73 0 0
1 74 0 0
1 78 0 0
1 79 0 0
1 80 0 0
1 84 0 0
1 85 0 0
1 86 0 0
1 90 0 0
1 91 0 0
1 92 0 0
1 96 0 0
1 97 0 0
1 98 0 0
1 99 0 0
1 102 0 0
1 103 0 0
1 104 0 0
1 106 0 0
1 107 0 0
1 108 0 0
1 109 0 0
1 110 0 0
1 114 0 0
1 115 0 0
1 116 0 0
1 120 0 0
1 121 0 0
1 122 0 0
1 126 0 0
1 127 0 0
1 128 0 0
1 132 0 0
1 133 0 0
1 134 0 0
1 138 0 0
1 139 0 0
1 140 0 0
1 144 0 0
1 145 0 0
1 146 0 0
1 150 0 0
1 151 0 0
1 152 0 0
1 156 0 0
1 157 0 0
1 158 0 0
1 159 0 0
1 162 0 0
1 163 0 0
1 164 0 0
1 166 0 0
1 167 0 0
1 168 0 0
1 169 0 0
1 170 0 0
1 174 0 0
1 175 0 0
1 176 0 0
1 180 0 0
1 181 0 0
1 182 0 0
1 186 0 0
1 187 0 0
1 188 0 0
1 192 0 0
1 193 0 0
1 194 0 0
1 198 0 0
1 199 0 0
1 200 0 0
1 204 0 0
1 205 0 0
1 206 0 0
1 210 0 0
1 211 0 0
1 212 0 0
1 216 0 0
1 217 0 0
1 218 0 0
1 222 0 0
1 223 0 0
1 224 0 0
1 225 0 0
1 228 0 0
1 229 0 0
1 230 0 0
1 232 0 0
1 233 0 0
1 234 0 0
1 235 0 0
1 236 0 0
1 240 0 0
1 241 0 0
1 242 0 0
1 246 0 0
1 247 0 0
1 248 0 0
1 252 0 0
1 253 0 0
1 254 0 0
1 258 0 0
1 259 0 0
1 260 0 0
1 264 0 0
1 265 0 0
1 266 0 0
1 270 0 0
1 271 0 0
1 272 0 0
1 276 0 0
1 277 0 0
1 278 0 0
1 282 0 0
1 283 0 0
1 284 0 0
1 288 0 0
1 289 0 0
1 290 0 0
1 294 0 0
1 295 0 0
1 296 0 0
1 297 0 0
1 300 0 0
1 301 0 0
1 302 0 0
1 304 0 0
1 305 0 0
1 306 0 0
1 307 0 0
1 308 0 0
1 312 0 0
1 313 0 0
1 314 0 0
1 318 0 0
1 319 0 0
1 320 0 0
1 324 0 0
1 325 0 0
1 326 0 0
1 330 0 0
1 331 0 0
1 332 0 0
1 336 0 0
1 337 0 0
1 338 0 0
1 342 0 0
1 343 0 0
1 344 0 0
1 348 0 0
1 349 0 0
1 350 0 0
1 354 0 0
1 355 0 0
1 356 0 0
1 360 0 0
1 361 0 0
1 362 0 0
1 366 0 0
1 367 0 0
1 368 0 0
1 372 0 0
1 373 0 0
1 374 0 0
1 375 0 0
1 378 0 0
1 379 0 0
1 380 0 0
1 382 0 0
1 383 0 0
1 384 0 0
1 385 0 0
1 386 0 0
1 390 0 0
1 391 0 0
1 392 0 0
1 396 0 0
1 397 0 0
1 398 0 0
1 402 0 0
1 403 0 0
1 404 0 0
1 408 0 0
1 409 0 0
1 410 0 0
1 414 0 0
1 415 0 0
1 416 0 0
1 420 0 0
1 421 0 0
1 422 0 0
1 426 0 0
1 427 0 0
1 428 0 0
1 432 0 0
1 433 0 0
1 434 0 0
1 438 0 0
1 439 0 0
1 440 0 0
1 444 0 0
1 445 0 0
1 446 0 0
1 450 0 0
1 451 0 0
1 452 0 0
1 456 0 0
1 457 0 0
1 458 0 0
1 459 0 0
1 462 0 0
1 463 0 0
1 464 0 0
1 466 0 0
1 467 0 0
1 468 0 0
1 469 0 0
1 470 0 0
1 474 0 0
1 475 0 0
1 476 0 0
1 480 0 0
1 481 0 0
1 482 0 0
1 486 0 0
1 487 0 0
1 488 0 0
1 492 0 0
1 493 0 0
1 494 0 0
1 498 0 0
1 499 0 0
1 500 0 0
1 504 0 0
1 505 0 0
1 506 0 0
1 510 0 0
1 511 0 0
1 512 0 0
1 516 0 0
1 517 0 0
1 518 0 0
1 522 0 0
1 523 0 0
1 524 0 0
1 528 0 0
1 529 0 0
1 530 0 0
1 534 0 0
1 535 0 0
1 536 0 0
1 540 0 0
1 541 0 0
1 542 0 0
1 546 0 0
1 547 0 0
1 548 0 0
1 549 0 0
1 552 0 0
1 553 0 0
1 554 0 0
1 557 0 0
1 558 0 0
1 559 0 0
1 560 0 0
1 564 0 0
1 565 0 0
1 566 0 0
1 570 0 0
1 571 0 0
1 572 0 0
1 576 0 0
1 577 0 0
1 578 0 0
1 582 0 0
1 583 0 0
1 584 0 0
1 588 0 0
1 589 0 0
1 590 0 0
1 594 0 0
1 595 0 0
1 596 0 0
1 600 0 0
1 601 0 0
1 602 0 0
1 606 0 0
1 607 0 0
1 608 0 0
1 612 0 0
1 613 0 0
1 614 0 0
1 618 0 0
1 619 0 0
1 620 0 0
1 624 0 0
1 625 0 0
1 626 0 0
1 630 0 0
1 631 0 0
1 632 0 0
1 636 0 0
1 637 0 0
1 638 0 0
1 641 0 0
1 642 0 0
1 643 0 0
1 644 0 0
1 648 0 0
1 649 0 0
1 650 0 0
1 654 0 0
1 655 0 0
1 656 0 0
1 660 0 0
1 661 0 0
1 662 0 0
1 666 0 0
1 667 0 0
1 668 0 0
1 672 0 0
1 673 0 0
1 674 0 0
1 678 0 0
1 679 0 0
1 680 0 0
1 684 0 0
1 685 0 0
1 686 0 0
1 690 0 0
1 691 0 0
1 692 0 0
1 696 0 0
1 697 0 0
1 698 0 0
1 702 0 0
1 703 0 0
1 704 0 0
1 708 0 0
1 709 0 0
1 710 0 0
1 714 0 0
1 715 0 0
1 716 0 0
1 719 0 0
1 720 0 0
1 721 0 0
1 722 0 0
1 726 0 0
1 727 0 0
1 728 0 0
1 732 0 0
1 733 0 0
1 734 0 0
1 738 0 0
1 739 0 0
1 740 0 0
1 744 0 0
1 745 0 0
1 746 0 0
1 750 0 0
1 751 0 0
1 752 0 0
1 756 0 0
1 757 0 0
1 758 0 0
1 762 0 0
1 763 0 0
1 764 0 0
1 768 0 0
1 769 0 0
1 770 0 0
1 774 0 0
1 775 0 0
1 776 0 0
1 780 0 0
1 781 0 0
1 782 0 0
1 786 0 0
1 787 0 0
1 788 0 0
1 791 0 0
1 792 0 0
1 793 0 0
1 794 0 0
1 798 0 0
1 799 0 0
1 800 0 0
1 804 0 0
1 805 0 0
1 806 0 0
1 810 0 0
1 811 0 0
1 812 0 0
1 816 0 0
1 817 0 0
1 818 0 0
1 822 0 0
1 823 0 0
1 824 0 0
1 828 0 0
1 829 0 0
1 830 0 0
1 834 0 0
1 835 0 0
1 836 0 0
1 840 0 0
1 841 0 0
1 842 0 0
1 846 0 0
1 847 0 0
1 848 0 0
1 852 0 0
1 853 0 0
1 854 0 0
1 857 0 0
1 858 0 0
1 859 0 0
1 860 0 0
1 864 0 0
1 865 0 0
1 866 0 0
1 870 0 0
1 871 0 0
1 872 0 0
1 876 0 0
1 877 0 0
1 878 0 0
1 882 0 0
1 883 0 0
1 884 0 0
1 888 0 0
1 889 0 0
1 890 0 0
1 894 0 0
1 895 0 0
1 896 0 0
1 900 0 0
1 901 0 0
1 902 0 0
1 906 0 0
1 907 0 0
1 908 0 0
1 912 0 0
1 913 0 0
1 914 0 0
1 917 0 0
1 918 0 0
1 919 0 0
1 920 0 0
1 924 0 0
1 925 0 0
1 926 0 0
1 930 0 0
1 931 0 0
1 932 0 0
1 936 0 0
1 937 0 0
1 938 0 0
1 942 0 0
1 943 0 0
1 944 0 0
1 948 0 0
1 949 0 0
1 950 0 0
1 954 0 0
1 955 0 0
1 956 0 0
1 960 0 0
1 961 0 0
1 962 0 0
1 966 0 0
1 967 0 0
1 968 0 0
1 971 0 0
1 972 0 0
1 973 0 0
1 974 0 0
1 978 0 0
1 979 0 0
1 980 0 0
1 984 0 0
1 985 0 0
1 986 0 0
1 990 0 0
1 991 0 0
1 992 0 0
1 996 0 0
1 997 0 0
1 998 0 0
1 1002 0 0
1 1003 0 0
1 1004 0 0
1 1008 0 0
1 1009 0 0
1 1010 0 0
1 1014 0 0
2 170 0 0
2 171 0 0
2 172 0 0
2 173 0 0
2 174 0 0
2 175 0 0
2 176 0 0
2 177 0 0
2 178 0 0
2 179 0 0
2 180 0 0
2 181 0 0
2 182 0 0
2 183 0 0
2 184 0 0
2 185 0 0
2 186 0 0
2 187 0 0
2 188 0 0
2 189 0 0
2 190 0 0
2 191 0 0
2 192 0 0
2 193 0 0
2 194 0 0
2 195 0 0
2 196 0 0
2 197 0 0
2 198 0 0
2 199 0 0
2 200 0 0
2 201 0 0
2 202 0 0
2 203 0 0
2 204 0 0
2 205 0 0
2 206 0 0
2 207 0 0
2 208 0 0
2 209 0 0
2 210 0 0
2 211 0 0
2 212 0 0
2 213 0 0
2 214 0 0
2 215 0 0
2 216 0 0
2 217 0 0
2 218 0 0
2 219 0 0
2 220 0 0
2 221 0 0
2 222 0 0
2 223 0 0
2 224 0 0
2 225 0 0
2 226 0 0
2 227 0 0
2 228 0 0
2 229 0 0
2 230 0 0
2 231 0 0
2 232 0 0
2 233 0 0
2 234 0 0
2 235 0 0
2 236 0 0
2 237 0 0
2 238 0 0
2 239 0 0
2 240 0 0
2 241 0 0
2 242 0 0
2 243 0 0
2 244 0 0
2 245 0 0
2 246 0 0
2 247 0 0
2 248 0 0
2 249 0 0
2 250 0 0
2 251 0 0
2 252 0 0
2 253 0 0
2 254 0 0
2 255 0 0
2 256 0 0
2 257 0 0
2 258 0 0
2 259 0 0
2 260 0 0
2 261 0 0
2 262 0 0
2 263 0 0
2 264 0 0
2 265 0 0
2 266 0 0
2 267 0 0
2 268 0 0
2 269 0 0
2 270 0 0
2 271 0 0
2 272 0 0
2 273 0 0
2 274 0 0
2 275 0 0
2 276 0 0
2 277 0 0
2 278 0 0
2 279 0 0
2 280 0 0
2 281 0 0
2 282 0 0
2 283 0 0
2 284 0 0
2 285 0 0
2 286 0 0
2 287 0 0
2 288 0 0
2 289 0 0
2 290 0 0
2 291 0 0
2 292 0 0
2 293 0 0
2 294 0 0
2 295 0 0
2 296 0 0
2 297 0 0
2 298 0 0
2 299 0 0
2 300 0 0
2 301 0 0
2 302 0 0
2 303 0 0
2 304 0 0
2 305 0 0
2 306 0 0
2 307 0 0
2 308 0 0
2 309 0 0
2 310 0 0
2 311 0 0
2 312 0 0
2 313 0 0
2 314 0 0
2 315 0 0
2 316 0 0
2 317 0 0
2 318 0 0
2 319 0 0
2 320 0 0
2 321 0 0
2 322 0 0
2 323 0 0
2 324 0 0
2 325 0 0
2 326 0 0
2 327 0 0
2 328 0 0
2 329 0 0
2 330 0 0
2 331 0 0
2 332 0 0
2 333 0 0
2 334 0 0
2 335 0 0
2 336 0 0
2 337 0 0
2 338 0 0
2 339 0 0
2 340 0 0
2 341 0 0
2 342 0 0
2 343 0 0
2 344 0 0
2 345 0 0
2 346 0 0
2 347 0 0
2 348 0 0
2 349 0 0
2 350 0 0
2 351 0 0
2 352 0 0
2 353 0 0
2 354 0 0
2 355 0 0
2 356 0 0
2 357 0 0
2 358 0 0
2 359 0 0
2 360 0 0
2 361 0 0
2 362 0 0
2 363 0 0
2 364 0 0
2 365 0 0
2 366 0 0
2 367 0 0
2 368 0 0
2 369 0 0
2 370 0 0
2 371 0 0
2 372 0 0
2 373 0 0
2 374 0 0
2 375 0 0
2 376 0 0
2 377 0 0
2 378 0 0
2 379 0 0
2 380 0 0
2 381 0 0
2 382 0 0
2 383 0 0
2 384 0 0
2 385 0 0
2 386 0 0
2 387 0 0
2 388 0 0
2 389 0 0
2 390 0 0
2 391 0 0
2 392 0 0
2 393 0 0
2 394 0 0
2 395 0 0
2 396 0 0
2 397 0 0
2 398 0 0
2 399 0 0
2 400 0 0
2 401 0 0
2 402 0 0
2 403 0 0
2 404 0 0
2 405 0 0
2 406 0 0
2 407 0 0
2 408 0 0
2 409 0 0
2 410 0 0
2 411 0 0
2 412 0 0
2 413 0 0
2 414 0 0
2 415 0 0
2 416 0 0
2 417 0 0
2 418 0 0
2 419 0 0
2 420 0 0
2 421 0 0
2 422 0 0
2 423 0 0
2 424 0 0
2 425 0 0
2 426 0 0
2 427 0 0
2 428 0 0
2 429 0 0
2 430 0 0
2 431 0 0
2 432 0 0
2 433 0 0
2 434 0 0
2 435 0 0
2 436 0 0
2 437 0 0
2 438 0 0
2 439 0 0
2 440 0 0
2 441 0 0
2 442 0 0
2 443 0 0
2 444 0 0
2 445 0 0
2 446 0 0
2 447 0 0
2 448 0 0
2 449 0 0
2 450 0 0
2 451 0 0
2 452 0 0
2 453 0 0
2 454 0 0
2 455 0 0
2 456 0 0
2 457 0 0
2 458 0 0
2 459 0 0
2 460 0 0
2 461 0 0
2 462 0 0
2 463 0 0
2 464 0 0
2 465 0 0
2 466 0 0
2 467 0 0
2 468 0 0
2 469 0 0
2 470 0 0
2 471 0 0
2 472 0 0
2 473 0 0
2 474 0 0
2 475 0 0
2 476 0 0
2 477 0 0
2 478 0 0
2 479 0 0
2 480 0 0
2 481 0 0
2 482 0 0
2 483 0 0
2 484 0 0
2 485 0 0
2 486 0 0
2 487 0 0
2 488 0 0
2 489 0 0
2 490 0 0
2 491 0 0
2 492 0 0
2 493 0 0
2 494 0 0
2 495 0 0
2 496 0 0
2 497 0 0
2 498 0 0
2 499 0 0
2 500 0 0
2 501 0 0
2 502 0 0
2 503 0 0
2 504 0 0
2 505 0 0
2 506 0 0
2 507 0 0
2 508 0 0
2 509 0 0
2 510 0 0
2 511 0 0
2 512 0 0
2 513 0 0
2 514 0 0
2 515 0 0
2 516 0 0
2 517 0 0
2 518 0 0
2 519 0 0
2 520 0 0
2 521 0 0
2 522 0 0
2 523 0 0
2 524 0 0
2 525 0 0
2 526 0 0
2 527 0 0
2 528 0 0
2 529 0 0
2 530 0 0
2 531 0 0
2 532 0 0
2 533 0 0
2 534 0 0
2 535 0 0
2 536 0 0
2 537 0 0
2 538 0 0
2 539 0 0
2 540 0 0
2 541 0 0
2 542 0 0
2 543 0 0
2 544 0 0
2 545 0 0
2 546 0 0
2 547 0 0
2 548 0 0
2 549 0 0
2 550 0 0
2 551 0 0
2 552 0 0
2 553 0 0
2 554 0 0
2 555 0 0
2 556 0 0
2 557 0 0
2 558 0 0
2 559 0 0
2 560 0 0
2 561 0 0
2 562 0 0
2 563 0 0
2 564 0 0
2 565 0 0
2 566 0 0
2 567 0 0
2 568 0 0
2 569 0 0
2 570 0 0
2 571 0 0
2 572 0 0
2 573 0 0
2 574 0 0
2 575 0 0
2 576 0 0
2 577 0 0
2 578 0 0
2 579 0 0
2 580 0 0
2 581 0 0
2 582 0 0
2 583 0 0
2 584 0 0
2 585 0 0
2 586 0 0
2 587 0 0
2 588 0 0
2 589 0 0
2 590 0 0
2 591 0 0
2 592 0 0
2 593 0 0
2 594 0 0
2 595 0 0
2 596 0 0
2 597 0 0
2 598 0 0
2 599 0 0
2 600 0 0
2 601 0 0
2 602 0 0
2 603 0 0
2 604 0 0
2 605 0 0
2 606 0 0
2 607 0 0
2 608 0 0
2 609 0 0
2 610 0 0
2 611 0 0
2 612 0 0
2 613 0 0
2 614 0 0
2 615 0 0
2 616 0 0
2 617 0 0
2 618 0 0
2 619 0 0
2 620 0 0
2 621 0 0
2 622 0 0
2 623 0 0
2 624 0 0
2 625 0 0
2 626 0 0
2 627 0 0
2 628 0 0
2 629 0 0
2 630 0 0
2 631 0 0
2 632 0 0
2 633 0 0
2 634 0 0
2 635 0 0
2 636 0 0
2 637 0 0
2 638 0 0
2 639 0 0
2 640 0 0
2 641 0 0
2 642 0 0
2 643 0 0
2 644 0 0
2 645 0 0
2 646 0 0
2 647 0 0
2 648 0 0
2 649 0 0
2 650 0 0
2 651 0 0
2 652 0 0
2 653 0 0
2 654 0 0
2 655 0 0
2 656 0 0
2 657 0 0
2 658 0 0
2 659 0 0
2 660 0 0
2 661 0 0
2 662 0 0
2 663 0 0
2 664 0 0
2 665 0 0
2 666 0 0
2 667 0 0
2 668 0 0
2 669 0 0
2 670 0 0
2 671 0 0
2 672 0 0
2 673 0 0
2 674 0 0
2 675 0 0
2 676 0 0
2 677 0 0
2 678 0 0
2 679 0 0
2 680 0 0
2 681 0 0
2 682 0 0
2 683 0 0
2 684 0 0
2 685 0 0
2 686 0 0
2 687 0 0
2 688 0 0
2 689 0 0
2 690 0 0
2 691 0 0
2 692 0 0
2 693 0 0
2 694 0 0
2 695 0 0
2 696 0 0
2 697 0 0
2 698 0 0
2 699 0 0
2 700 0 0
2 701 0 0
2 702 0 0
2 703 0 0
2 704 0 0
2 705 0 0
2 706 0 0
2 707 0 0
2 708 0 0
2 709 0 0
2 710 0 0
2 711 0 0
2 712 0 0
2 713 0 0
2 714 0 0
2 715 0 0
2 716 0 0
2 717 0 0
2 718 0 0
2 719 0 0
2 720 0 0
2 721 0 0
2 722 0 0
2 723 0 0
2 724 0 0
2 725 0 0
2 726 0 0
2 727 0 0
2 728 0 0
2 729 0 0
2 730 0 0
2 731 0 0
2 732 0 0
2 733 0 0
2 734 0 0
2 735 0 0
2 736 0 0
2 737 0 0
2 738 0 0
2 739 0 0
2 740 0 0
2 741 0 0
2 742 0 0
2 743 0 0
2 744 0 0
2 745 0 0
2 746 0 0
2 747 0 0
2 748 0 0
2 749 0 0
2 750 0 0
2 751 0 0
2 752 0 0
2 753 0 0
2 754 0 0
2 755 0 0
2 756 0 0
2 757 0 0
2 758 0 0
2 759 0 0
2 760 0 0
2 761 0 0
2 762 0 0
2 763 0 0
2 764 0 0
2 765 0 0
2 766 0 0
2 767 0 0
2 768 0 0
2 769 0 0
2 770 0 0
2 771 0 0
2 772 0 0
2 773 0 0
2 774 0 0
2 775 0 0
2 776 0 0
2 777 0 0
2 778 0 0
2 779 0 0
2 780 0 0
2 781 0 0
2 782 0 0
2 783 0 0
2 784 0 0
2 785 0 0
2 786 0 0
2 787 0 0
2 788 0 0
2 789 0 0
2 790 0 0
2 791 0 0
2 792 0 0
2 793 0 0
2 794 0 0
2 795 0 0
2 796 0 0
2 797 0 0
2 798 0 0
2 799 0 0
2 800 0 0
2 801 0 0
2 802 0 0
2 803 0 0
2 804 0 0
2 805 0 0
2 806 0 0
2 807 0 0
2 808 0 0
2 809 0 0
2 810 0 0
2 811 0 0
2 812 0 0
2 813 0 0
2 814 0 0
2 815 0 0
2 816 0 0
2 817 0 0
2 818 0 0
2 819 0 0
2 820 0 0
2 821 0 0
2 822 0 0
2 823 0 0
2 824 0 0
2 825 0 0
2 826 0 0
2 827 0 0
2 828 0 0
2 829 0 0
2 830 0 0
2 831 0 0
2 832 0 0
2 833 0 0
2 834 0 0
2 835 0 0
2 836 0 0
2 837 0 0
2 838 0 0
2 839 0 0
2 840 0 0
2 841 0 0
2 842 0 0
2 843 0 0
2 844 0 0
2 845 0 0
2 846 0 0
2 847 0 0
2 848 0 0
2 849 0 0
2 850 0 0
2 851 0 0
2 852 0 0
2 853 0 0
2 854 0 0
2 855 0 0
2 856 0 0
2 857 0 0
2 858 0 0
2 859 0 0
2 860 0 0
2 861 0 0
2 862 0 0
2 863 0 0
2 864 0 0
2 865 0 0
2 866 0 0
2 867 0 0
2 868 0 0
2 869 0 0
2 870 0 0
2 871 0 0
2 872 0 0
2 873 0 0
2 874 0 0
2 875 0 0
2 876 0 0
2 877 0 0
2 878 0 0
2 879 0 0
2 880 0 0
2 881 0 0
2 882 0 0
2 883 0 0
2 884 0 0
2 885 0 0
2 886 0 0
2 887 0 0
2 888 0 0
2 889 0 0
2 890 0 0
2 891 0 0
2 892 0 0
2 893 0 0
2 894 0 0
2 895 0 0
2 896 0 0
2 897 0 0
2 898 0 0
2 899 0 0
2 900 0 0
2 901 0 0
2 902 0 0
2 903 0 0
2 904 0 0
2 905 0 0
2 906 0 0
2 907 0 0
2 908 0 0
2 909 0 0
2 910 0 0
2 911 0 0
2 912 0 0
2 913 0 0
2 914 0 0
2 915 0 0
2 916 0 0
2 917 0 0
2 918 0 0
2 919 0 0
2 920 0 0
2 921 0 0
2 922 0 0
2 923 0 0
2 924 0 0
2 925 0 0
2 926 0 0
2 927 0 0
2 928 0 0
2 929 0 0
2 930 0 0
2 931 0 0
2 932 0 0
2 933 0 0
2 934 0 0
2 935 0 0
2 936 0 0
2 937 0 0
2 938 0 0
2 939 0 0
2 940 0 0
2 941 0 0
2 942 0 0
2 943 0 0
2 944 0 0
2 945 0 0
2 946 0 0
2 947 0 0
2 948 0 0
2 949 0 0
2 950 0 0
2 951 0 0
2 952 0 0
2 953 0 0
2 954 0 0
2 955 0 0
2 956 0 0
2 957 0 0
2 958 0 0
2 959 0 0
2 960 0 0
2 961 0 0
2 962 0 0
2 963 0 0
2 964 0 0
2 965 0 0
2 966 0 0
2 967 0 0
2 968 0 0
2 969 0 0
2 970 0 0
2 971 0 0
2 972 0 0
2 973 0 0
2 974 0 0
2 975 0 0
2 976 0 0
2 977 0 0
2 978 0 0
2 979 0 0
2 980 0 0
2 981 0 0
2 982 0 0
2 983 0 0
2 984 0 0
2 985 0 0
2 986 0 0
2 987 0 0
2 988 0 0
2 989 0 0
2 990 0 0
2 991 0 0
2 992 0 0
2 993 0 0
2 994 0 0
2 995 0 0
2 996 0 0
2 997 0 0
2 998 0 0
2 999 0 0
2 1000 0 0
2 1001 0 0
2 1002 0 0
2 1003 0 0
2 1004 0 0
2 1005 0 0
2 1006 0 0
2 1007 0 0
2 1008 0 0
2 1009 0 0
2 1010 0 0
2 1011 0 0
2 1012 0 0
2 1013 0 0
2 1014 0 0
2 1015 0 0
2 1016 0 0
2 1017 0 0
2 1018 0 0
2 1019 0 0
2 1020 0 0
2 1021 0 0
2 1022 0 0
2 1023 0 0
2 1024 0 0
2 1025 0 0
2 1026 0 0
2 1027 0 0
2 1028 0 0
2 1029 0 0
2 1030 0 0
2 1031 0 0
2 1032 0 0
2 1033 0 0
2 1034 0 0
2 1035 0 0
2 1036 0 0
2 1037 0 0
2 1038 0 0
2 1039 0 0
2 1040 0 0
2 1041 0 0
2 1042 0 0
2 1043 0 0
2 1044 0 0
2 1045 0 0
2 1046 0 0
2 1047 0 0
2 1048 0 0
2 1049 0 0
2 1050 0 0
2 1051 0 0
2 1052 0 0
2 1053 0 0
2 1054 0 0
2 1055 0 0
2 1056 0 0
2 1057 0 0
2 1058 0 0
2 1059 0 0
2 1060 0 0
2 1061 0 0
2 1062 0 0
2 1063 0 0
2 1064 0 0
2 1065 0 0
2 1066 0 0
2 1067 0 0
2 1068 0 0
2 1069 0 0
2 1070 0 0
2 1071 0 0
2 1072 0 0
2 1073 0 0
2 1074 0 0
2 1075 0 0
2 1076 0 0
2 1077 0 0
2 1078 0 0
2 1079 0 0
2 1080 0 0
2 1081 0 0
2 1082 0 0
2 1083 0 0
2 1084 0 0
2 1085 0 0
2 1086 0 0
2 1087 0 0
2 1088 0 0
2 1089 0 0
2 1090 0 0
2 1091 0 0
2 1092 0 0
2 1093 0 0
2 1094 0 0
2 1095 0 0
2 1096 0 0
2 1097 0 0
2 1098 0 0
2 1099 0 0
2 1100 0 0
2 1101 0 0
2 1102 0 0
2 1103 0 0
2 1104 0 0
2 1105 0 0
2 1106 0 0
2 1107 0 0
2 1108 0 0
2 1109 0 0
2 1110 0 0
2 1111 0 0
2 1112 0 0
2 1113 0 0
2 1114 0 0
2 1115 0 0
2 1116 0 0
2 1117 0 0
2 1118 0 0
2 1119 0 0
2 1120 0 0
2 1121 0 0
2 1122 0 0
2 1123 0 0
2 1124 0 0
2 1125 0 0
2 1126 0 0
2 1127 0 0
2 1128 0 0
2 1129 0 0
2 1130 0 0
2 1131 0 0
2 1132 0 0
2 1133 0 0
2 1134 0 0
2 1135 0 0
2 1136 0 0
2 1137 0 0
2 1138 0 0
2 1139 0 0
2 1140 0 0
2 1141 0 0
2 1142 0 0
2 1143 0 0
2 1144 0 0
2 1145 0 0
2 1146 0 0
2 1147 0 0
2 1148 0 0
2 1149 0 0
2 1150 0 0
2 1151 0 0
2 1152 0 0
2 1153 0 0
2 1154 0 0
2 1155 0 0
2 1156 0 0
2 1157 0 0
2 1158 0 0
2 1159 0 0
2 1160 0 0
2 1161 0 0
2 1162 0 0
2 1163 0 0
2 1164 0 0
2 1165 0 0
2 1166 0 0
2 1167 0 0
2 1168 0 0
2 1169 0 0
2 1170 0 0
2 1171 0 0
2 1172 0 0
2 1173 0 0
2 1174 0 0
2 1175 0 0
2 1176 0 0
2 1177 0 0
2 1178 0 0
2 1179 0 0
2 1180 0 0
2 1181 0 0
2 1182 0 0
2 1183 0 0
$EndNodes
$Elements
1566 1566 1 1566
1 1 1 1
1 1 2 
1 2 1 1
2 2 3 
1 3 1 1
3 3 4 
1 4 1 1
4 4 5 
1 5 1 1
5 5 6 
1 6 1 1
6 6 1 
1 7 1 1
7 7 8 
1 8 1 1
8 8 9 
1 9 1 1
9 9 10 
1 10 1 1
10 10 3 
1 12 1 1
11 2 7 
1 13 1 1
12 11 12 
1 14 1 1
13 12 13 
1 15 1 1
14 13 14 
1 16 1 1
15 14 9 
1 18 1 1
16 8 11 
1 19 1 1
17 15 16 
1 20 1 1
18 16 17 
1 21 1 1
19 17 18 
1 22 1 1
20 18 13 
1 24 1 1
21 12 15 
1 25 1 1
22 19 20 
1 26 1 1
23 20 21 
1 27 1 1
24 21 22 
1 28 1 1
25 22 17 
1 30 1 1
26 16 19 
1 31 1 1
27 23 24 
1 32 1 1
28 24 25 
1 33 1 1
29 25 26 
1 34 1 1
30 26 21 
1 36 1 1
31 20 23 
1 37 1 1
32 27 28 
1 38 1 1
33 28 29 
1 39 1 1
34 29 30 
1 40 1 1
35 30 25 
1 42 1 1
36 24 27 
1 43 1 1
37 31 32 
1 44 1 1
38 32 33 
1 45 1 1
39 33 34 
1 46 1 1
40 34 29 
1 48 1 1
41 28 31 
1 49 1 1
42 35 36 
1 50 1 1
43 36 1 
1 52 1 1
44 6 37 
1 53 1 1
45 37 38 
1 54 1 1
46 38 35 
1 55 1 1
47 39 40 
1 56 1 1
48 40 7 
1 60 1 1
49 36 39 
1 61 1 1
50 41 42 
1 62 1 1
51 42 11 
1 66 1 1
52 40 41 
1 67 1 1
53 43 44 
1 68 1 1
54 44 15 
1 72 1 1
55 42 43 
1 73 1 1
56 45 46 
1 74 1 1
57 46 19 
1 78 1 1
58 44 45 
1 79 1 1
59 47 48 
1 80 1 1
60 48 23 
1 84 1 1
61 46 47 
1 85 1 1
62 49 50 
1 86 1 1
63 50 27 
1 90 1 1
64 48 49 
1 91 1 1
65 51 52 
1 92 1 1
66 52 31 
1 96 1 1
67 50 51 
1 97 1 1
68 53 54 
1 98 1 1
69 54 55 
1 99 1 1
70 55 32 
1 102 1 1
71 52 53 
1 103 1 1
72 56 57 
1 104 1 1
73 57 35 
1 106 1 1
74 38 58 
1 107 1 1
75 58 59 
1 108 1 1
76 59 56 
1 109 1 1
77 60 61 
1 110 1 1
78 61 39 
1 114 1 1
79 57 60 
1 115 1 1
80 62 63 
1 116 1 1
81 63 41 
1 120 1 1
82 61 62 
1 121 1 1
83 64 65 
1 122 1 1
84 65 43 
1 126 1 1
85 63 64 
1 127 1 1
86 66 67 
1 128 1 1
87 67 45 
1 132 1 1
88 65 66 
1 133 1 1
89 68 69 
1 134 1 1
90 69 47 
1 138 1 1
91 67 68 
1 139 1 1
92 70 71 
1 140 1 1
93 71 49 
1 144 1 1
94 69 70 
1 145 1 1
95 72 73 
1 146 1 1
96 73 51 
1 150 1 1
97 71 72 
1 151 1 1
98 74 75 
1 152 1 1
99 75 53 
1 156 1 1
100 73 74 
1 157 1 1
101 76 77 
1 158 1 1
102 77 78 
1 159 1 1
103 78 54 
1 162 1 1
104 75 76 
1 163 1 1
105 79 80 
1 164 1 1
106 80 56 
1 166 1 1
107 59 81 
1 167 1 1
108 81 82 
1 168 1 1
109 82 79 
1 169 1 1
110 83 84 
1 170 1 1
111 84 60 
1 174 1 1
112 80 83 
1 175 1 1
113 85 86 
1 176 1 1
114 86 62 
1 180 1 1
115 84 85 
1 181 1 1
116 87 88 
1 182 1 1
117 88 64 
1 186 1 1
118 86 87 
1 187 1 1
119 89 90 
1 188 1 1
120 90 66 
1 192 1 1
121 88 89 
1 193 1 1
122 91 92 
1 194 1 1
123 92 68 
1 198 1 1
124 90 91 
1 199 1 1
125 93 94 
1 200 1 1
126 94 70 
1 204 1 1
127 92 93 
1 205 1 1
128 95 96 
1 206 1 1
129 96 72 
1 210 1 1
130 94 95 
1 211 1 1
131 97 98 
1 212 1 1
132 98 74 
1 216 1 1
133 96 97 
1 217 1 1
134 99 100 
1 218 1 1
135 100 76 
1 222 1 1
136 98 99 
1 223 1 1
137 101 102 
1 224 1 1
138 102 103 
1 225 1 1
139 103 77 
1 228 1 1
140 100 101 
1 229 1 1
141 104 105 
1 230 1 1
142 105 79 
1 232 1 1
143 82 106 
1 233 1 1
144 106 107 
1 234 1 1
145 107 104 
1 235 1 1
146 108 109 
1 236 1 1
147 109 83 
1 240 1 1
148 105 108 
1 241 1 1
149 110 111 
1 242 1 1
150 111 85 
1 246 1 1
151 109 110 
1 247 1 1
152 112 113 
1 248 1 1
153 113 87 
1 252 1 1
154 111 112 
1 253 1 1
155 114 115 
1 254 1 1
156 115 89 
1 258 1 1
157 113 114 
1 259 1 1
158 116 117 
1 260 1 1
159 117 91 
1 264 1 1
160 115 116 
1 265 1 1
161 118 119 
1 266 1 1
162 119 93 
1 270 1 1
163 117 118 
1 271 1 1
164 120 121 
1 272 1 1
165 121 95 
1 276 1 1
166 119 120 
1 277 1 1
167 122 123 
1 278 1 1
168 123 97 
1 282 1 1
169 121 122 
1 283 1 1
170 124 125 
1 284 1 1
171 125 99 
1 288 1 1
172 123 124 
1 289 1 1
173 126 127 
1 290 1 1
174 127 101 
1 294 1 1
175 125 126 
1 295 1 1
176 128 129 
1 296 1 1
177 129 130 
1 297 1 1
178 130 102 
1 300 1 1
179 127 128 
1 301 1 1
180 131 132 
1 302 1 1
181 132 104 
1 304 1 1
182 107 133 
1 305 1 1
183 133 134 
1 306 1 1
184 134 131 
1 307 1 1
185 135 136 
1 308 1 1
186 136 108 
1 312 1 1
187 132 135 
1 313 1 1
188 137 138 
1 314 1 1
189 138 110 
1 318 1 1
190 136 137 
1 319 1 1
191 139 140 
1 320 1 1
192 140 112 
1 324 1 1
193 138 139 
1 325 1 1
194 141 142 
1 326 1 1
195 142 114 
1 330 1 1
196 140 141 
1 331 1 1
197 143 144 
1 332 1 1
198 144 116 
1 336 1 1
199 142 143 
1 337 1 1
200 145 146 
1 338 1 1
201 146 118 
1 342 1 1
202 144 145 
1 343 1 1
203 147 148 
1 344 1 1
204 148 120 
1 348 1 1
205 146 147 
1 349 1 1
206 149 150 
1 350 1 1
207 150 122 
1 354 1 1
208 148 149 
1 355 1 1
209 151 152 
1 356 1 1
210 152 124 
1 360 1 1
211 150 151 
1 361 1 1
212 153 154 
1 362 1 1
213 154 126 
1 366 1 1
214 152 153 
1 367 1 1
215 155 156 
1 368 1 1
216 156 128 
1 372 1 1
217 154 155 
1 373 1 1
218 157 158 
1 374 1 1
219 158 159 
1 375 1 1
220 159 129 
1 378 1 1
221 156 157 
1 379 1 1
222 160 161 
1 380 1 1
223 161 131 
1 382 1 1
224 134 162 
1 383 1 1
225 162 163 
1 384 1 1
226 163 160 
1 385 1 1
227 164 165 
1 386 1 1
228 165 135 
1 390 1 1
229 161 164 
1 391 1 1
230 166 167 
1 392 1 1
231 167 137 
1 396 1 1
232 165 166 
1 397 1 1
233 168 169 
1 398 1 1
234 169 139 
1 402 1 1
235 167 168 
1 403 1 1
236 170 171 
1 404 1 1
237 171 141 
1 408 1 1
238 169 170 
1 409 1 1
239 172 173 
1 410 1 1
240 173 143 
1 414 1 1
241 171 172 
1 415 1 1
242 174 175 
1 416 1 1
243 175 145 
1 420 1 1
244 173 174 
1 421 1 1
245 176 177 
1 422 1 1
246 177 147 
1 426 1 1
247 175 176 
1 427 1 1
248 178 179 
1 428 1 1
249 179 149 
1 432 1 1
250 177 178 
1 433 1 1
251 180 181 
1 434 1 1
252 181 151 
1 438 1 1
253 179 180 
1 439 1 1
254 182 183 
1 440 1 1
255 183 153 
1 444 1 1
256 181 182 
1 445 1 1
257 184 185 
1 446 1 1
258 185 155 
1 450 1 1
259 183 184 
1 451 1 1
260 186 187 
1 452 1 1
261 187 157 
1 456 1 1
262 185 186 
1 457 1 1
263 188 189 
1 458 1 1
264 189 190 
1 459 1 1
265 190 158 
1 462 1 1
266 187 188 
1 463 1 1
267 191 192 
1 464 1 1
268 192 160 
1 466 1 1
269 163 193 
1 467 1 1
270 193 194 
1 468 1 1
271 194 191 
1 469 1 1
272 195 196 
1 470 1 1
273 196 164 
1 474 1 1
274 192 195 
1 475 1 1
275 197 198 
1 476 1 1
276 198 166 
1 480 1 1
277 196 197 
1 481 1 1
278 199 200 
1 482 1 1
279 200 168 
1 486 1 1
280 198 199 
1 487 1 1
281 201 202 
1 488 1 1
282 202 170 
1 492 1 1
283 200 201 
1 493 1 1
284 203 204 
1 494 1 1
285 204 172 
1 498 1 1
286 202 203 
1 499 1 1
287 205 206 
1 500 1 1
288 206 174 
1 504 1 1
289 204 205 
1 505 1 1
290 207 208 
1 506 1 1
291 208 176 
1 510 1 1
292 206 207 
1 511 1 1
293 209 210 
1 512 1 1
294 210 178 
1 516 1 1
295 208 209 
1 517 1 1
296 211 212 
1 518 1 1
297 212 180 
1 522 1 1
298 210 211 
1 523 1 1
299 213 214 
1 524 1 1
300 214 182 
1 528 1 1
301 212 213 
1 529 1 1
302 215 216 
1 530 1 1
303 216 184 
1 534 1 1
304 214 215 
1 535 1 1
305 217 218 
1 536 1 1
306 218 186 
1 540 1 1
307 216 217 
1 541 1 1
308 219 220 
1 542 1 1
309 220 188 
1 546 1 1
310 218 219 
1 547 1 1
311 221 222 
1 548 1 1
312 222 223 
1 549 1 1
313 223 189 
1 552 1 1
314 220 221 
1 553 1 1
315 224 225 
1 554 1 1
316 225 195 
1 557 1 1
317 191 226 
1 558 1 1
318 226 224 
1 559 1 1
319 227 228 
1 560 1 1
320 228 197 
1 564 1 1
321 225 227 
1 565 1 1
322 229 230 
1 566 1 1
323 230 199 
1 570 1 1
324 228 229 
1 571 1 1
325 231 232 
1 572 1 1
326 232 201 
1 576 1 1
327 230 231 
1 577 1 1
328 233 234 
1 578 1 1
329 234 203 
1 582 1 1
330 232 233 
1 583 1 1
331 235 236 
1 584 1 1
332 236 205 
1 588 1 1
333 234 235 
1 589 1 1
334 237 238 
1 590 1 1
335 238 207 
1 594 1 1
336 236 237 
1 595 1 1
337 239 240 
1 596 1 1
338 240 209 
1 600 1 1
339 238 239 
1 601 1 1
340 241 242 
1 602 1 1
341 242 211 
1 606 1 1
342 240 241 
1 607 1 1
343 243 244 
1 608 1 1
344 244 213 
1 612 1 1
345 242 243 
1 613 1 1
346 245 246 
1 614 1 1
347 246 215 
1 618 1 1
348 244 245 
1 619 1 1
349 247 248 
1 620 1 1
350 248 217 
1 624 1 1
351 246 247 
1 625 1 1
352 249 250 
1 626 1 1
353 250 219 
1 630 1 1
354 248 249 
1 631 1 1
355 251 252 
1 632 1 1
356 252 221 
1 636 1 1
357 250 251 
1 637 1 1
358 253 254 
1 638 1 1
359 254 227 
1 641 1 1
360 224 255 
1 642 1 1
361 255 253 
1 643 1 1
362 256 257 
1 644 1 1
363 257 229 
1 648 1 1
364 254 256 
1 649 1 1
365 258 259 
1 650 1 1
366 259 231 
1 654 1 1
367 257 258 
1 655 1 1
368 260 261 
1 656 1 1
369 261 233 
1 660 1 1
370 259 260 
1 661 1 1
371 262 263 
1 662 1 1
372 263 235 
1 666 1 1
373 261 262 
1 667 1 1
374 264 265 
1 668 1 1
375 265 237 
1 672 1 1
376 263 264 
1 673 1 1
377 266 267 
1 674 1 1
378 267 239 
1 678 1 1
379 265 266 
1 679 1 1
380 268 269 
1 680 1 1
381 269 241 
1 684 1 1
382 267 268 
1 685 1 1
383 270 271 
1 686 1 1
384 271 243 
1 690 1 1
385 269 270 
1 691 1 1
386 272 273 
1 692 1 1
387 273 245 
1 696 1 1
388 271 272 
1 697 1 1
389 274 275 
1 698 1 1
390 275 247 
1 702 1 1
391 273 274 
1 703 1 1
392 276 277 
1 704 1 1
393 277 249 
1 708 1 1
394 275 276 
1 709 1 1
395 278 279 
1 710 1 1
396 279 251 
1 714 1 1
397 277 278 
1 715 1 1
398 280 281 
1 716 1 1
399 281 256 
1 719 1 1
400 253 282 
1 720 1 1
401 282 280 
1 721 1 1
402 283 284 
1 722 1 1
403 284 258 
1 726 1 1
404 281 283 
1 727 1 1
405 285 286 
1 728 1 1
406 286 260 
1 732 1 1
407 284 285 
1 733 1 1
408 287 288 
1 734 1 1
409 288 262 
1 738 1 1
410 286 287 
1 739 1 1
411 289 290 
1 740 1 1
412 290 264 
1 744 1 1
413 288 289 
1 745 1 1
414 291 292 
1 746 1 1
415 292 266 
1 750 1 1
416 290 291 
1 751 1 1
417 293 294 
1 752 1 1
418 294 268 
1 756 1 1
419 292 293 
1 757 1 1
420 295 296 
1 758 1 1
421 296 270 
1 762 1 1
422 294 295 
1 763 1 1
423 297 298 
1 764 1 1
424 298 272 
1 768 1 1
425 296 297 
1 769 1 1
426 299 300 
1 770 1 1
427 300 274 
1 774 1 1
428 298 299 
1 775 1 1
429 301 302 
1 776 1 1
430 302 276 
1 780 1 1
431 300 301 
1 781 1 1
432 303 304 
1 782 1 1
433 304 278 
1 786 1 1
434 302 303 
1 787 1 1
435 305 306 
1 788 1 1
436 306 283 
1 791 1 1
437 280 307 
1 792 1 1
438 307 305 
1 793 1 1
439 308 309 
1 794 1 1
440 309 285 
1 798 1 1
441 306 308 
1 799 1 1
442 310 311 
1 800 1 1
443 311 287 
1 804 1 1
444 309 310 
1 805 1 1
445 312 313 
1 806 1 1
446 313 289 
1 810 1 1
447 311 312 
1 811 1 1
448 314 315 
1 812 1 1
449 315 291 
1 816 1 1
450 313 314 
1 817 1 1
451 316 317 
1 818 1 1
452 317 293 
1 822 1 1
453 315 316 
1 823 1 1
454 318 319 
1 824 1 1
455 319 295 
1 828 1 1
456 317 318 
1 829 1 1
457 320 321 
1 830 1 1
458 321 297 
1 834 1 1
459 319 320 
1 835 1 1
460 322 323 
1 836 1 1
461 323 299 
1 840 1 1
462 321 322 
1 841 1 1
463 324 325 
1 842 1 1
464 325 301 
1 846 1 1
465 323 324 
1 847 1 1
466 326 327 
1 848 1 1
467 327 303 
1 852 1 1
468 325 326 
1 853 1 1
469 328 329 
1 854 1 1
470 329 308 
1 857 1 1
471 305 330 
1 858 1 1
472 330 328 
1 859 1 1
473 331 332 
1 860 1 1
474 332 310 
1 864 1 1
475 329 331 
1 865 1 1
476 333 334 
1 866 1 1
477 334 312 
1 870 1 1
478 332 333 
1 871 1 1
479 335 336 
1 872 1 1
480 336 314 
1 876 1 1
481 334 335 
1 877 1 1
482 337 338 
1 878 1 1
483 338 316 
1 882 1 1
484 336 337 
1 883 1 1
485 339 340 
1 884 1 1
486 340 318 
1 888 1 1
487 338 339 
1 889 1 1
488 341 342 
1 890 1 1
489 342 320 
1 894 1 1
490 340 341 
1 895 1 1
491 343 344 
1 896 1 1
492 344 322 
1 900 1 1
493 342 343 
1 901 1 1
494 345 346 
1 902 1 1
495 346 324 
1 906 1 1
496 344 345 
1 907 1 1
497 347 348 
1 908 1 1
498 348 326 
1 912 1 1
499 346 347 
1 913 1 1
500 349 350 
1 914 1 1
501 350 331 
1 917 1 1
502 328 351 
1 918 1 1
503 351 349 
1 919 1 1
504 352 353 
1 920 1 1
505 353 333 
1 924 1 1
506 350 352 
1 925 1 1
507 354 355 
1 926 1 1
508 355 335 
1 930 1 1
509 353 354 
1 931 1 1
510 356 357 
1 932 1 1
511 357 337 
1 936 1 1
512 355 356 
1 937 1 1
513 358 359 
1 938 1 1
514 359 339 
1 942 1 1
515 357 358 
1 943 1 1
516 360 361 
1 944 1 1
517 361 341 
1 948 1 1
518 359 360 
1 949 1 1
519 362 363 
1 950 1 1
520 363 343 
1 954 1 1
521 361 362 
1 955 1 1
522 364 365 
1 956 1 1
523 365 345 
1 960 1 1
524 363 364 
1 961 1 1
525 366 367 
1 962 1 1
526 367 347 
1 966 1 1
527 365 366 
1 967 1 1
528 368 369 
1 968 1 1
529 369 352 
1 971 1 1
530 349 370 
1 972 1 1
531 370 368 
1 973 1 1
532 371 372 
1 974 1 1
533 372 354 
1 978 1 1
534 369 371 
1 979 1 1
535 373 374 
1 980 1 1
536 374 356 
1 984 1 1
537 372 373 
1 985 1 1
538 375 376 
1 986 1 1
539 376 358 
1 990 1 1
540 374 375 
1 991 1 1
541 377 378 
1 992 1 1
542 378 360 
1 996 1 1
543 376 377 
1 997 1 1
544 379 380 
1 998 1 1
545 380 362 
1 1002 1 1
546 378 379 
1 1003 1 1
547 381 382 
1 1004 1 1
548 382 364 
1 1008 1 1
549 380 381 
1 1009 1 1
550 383 384 
1 1010 1 1
551 384 366 
1 1014 1 1
552 382 383 
2 170 2 1
553 1 2 385 
2 171 2 1
554 2 3 385 
2 172 2 1
555 3 4 385 
2 173 2 1
556 4 5 385 
2 174 2 1
557 5 6 385 
2 175 2 1
558 1 385 6 
2 176 2 1
559 7 8 386 
2 177 2 1
560 8 9 386 
2 178 2 1
561 9 10 386 
2 179 2 1
562 3 386 10 
2 180 2 1
563 2 386 3 
2 181 2 1
564 2 7 386 
2 182 2 1
565 11 12 387 
2 183 2 1
566 12 13 387 
2 184 2 1
567 13 14 387 
2 185 2 1
568 9 387 14 
2 186 2 1
569 8 387 9 
2 187 2 1
570 8 11 387 
2 188 2 1
571 15 16 388 
2 189 2 1
572 16 17 388 
2 190 2 1
573 17 18 388 
2 191 2 1
574 13 388 18 
2 192 2 1
575 12 388 13 
2 193 2 1
576 12 15 388 
2 194 2 1
577 19 20 389 
2 195 2 1
578 20 21 389 
2 196 2 1
579 21 22 389 
2 197 2 1
580 17 389 22 
2 198 2 1
581 16 389 17 
2 199 2 1
582 16 19 389 
2 200 2 1
583 23 24 390 
2 201 2 1
584 24 25 390 
2 202 2 1
585 25 26 390 
2 203 2 1
586 21 390 26 
2 204 2 1
587 20 390 21 
2 205 2 1
588 20 23 390 
2 206 2 1
589 27 28 391 
2 207 2 1
590 28 29 391 
2 208 2 1
591 29 30 391 
2 209 2 1
592 25 391 30 
2 210 2 1
593 24 391 25 
2 211 2 1
594 24 27 391 
2 212 2 1
595 31 32 392 
2 213 2 1
596 32 33 392 
2 214 2 1
597 33 34 392 
2 215 2 1
598 29 392 34 
2 216 2 1
599 28 392 29 
2 217 2 1
600 28 31 392 
2 218 2 1
601 35 36 393 
2 219 2 1
602 1 393 36 
2 220 2 1
603 1 6 393 
2 221 2 1
604 6 37 393 
2 222 2 1
605 37 38 393 
2 223 2 1
606 35 393 38 
2 224 2 1
607 39 40 394 
2 225 2 1
608 7 394 40 
2 226 2 1
609 2 394 7 
2 227 2 1
610 1 394 2 
2 228 2 1
611 1 36 394 
2 229 2 1
612 36 39 394 
2 230 2 1
613 41 42 395 
2 231 2 1
614 11 395 42 
2 232 2 1
615 8 395 11 
2 233 2 1
616 7 395 8 
2 234 2 1
617 7 40 395 
2 235 2 1
618 40 41 395 
2 236 2 1
619 43 44 396 
2 237 2 1
620 15 396 44 
2 238 2 1
621 12 396 15 
2 239 2 1
622 11 396 12 
2 240 2 1
623 11 42 396 
2 241 2 1
624 42 43 396 
2 242 2 1
625 45 46 397 
2 243 2 1
626 19 397 46 
2 244 2 1
627 16 397 19 
2 245 2 1
628 15 397 16 
2 246 2 1
629 15 44 397 
2 247 2 1
630 44 45 397 
2 248 2 1
631 47 48 398 
2 249 2 1
632 23 398 48 
2 250 2 1
633 20 398 23 
2 251 2 1
634 19 398 20 
2 252 2 1
635 19 46 398 
2 253 2 1
636 46 47 398 
2 254 2 1
637 49 50 399 
2 255 2 1
638 27 399 50 
2 256 2 1
639 24 399 27 
2 257 2 1
640 23 399 24 
2 258 2 1
641 23 48 399 
2 259 2 1
642 48 49 399 
2 260 2 1
643 51 52 400 
2 261 2 1
644 31 400 52 
2 262 2 1
645 28 400 31 
2 263 2 1
646 27 400 28 
2 264 2 1
647 27 50 400 
2 265 2 1
648 50 51 400 
2 266 2 1
649 53 54 401 
2 267 2 1
650 54 55 401 
2 268 2 1
651 32 401 55 
2 269 2 1
652 31 401 32 
2 270 2 1
653 31 52 401 
2 271 2 1
654 52 53 401 
2 272 2 1
655 56 57 402 
2 273 2 1
656 35 402 57 
2 274 2 1
657 35 38 402 
2 275 2 1
658 38 58 402 
2 276 2 1
659 58 59 402 
2 277 2 1
660 56 402 59 
2 278 2 1
661 60 61 403 
2 279 2 1
662 39 403 61 
2 280 2 1
663 36 403 39 
2 281 2 1
664 35 403 36 
2 282 2 1
665 35 57 403 
2 283 2 1
666 57 60 403 
2 284 2 1
667 62 63 404 
2 285 2 1
668 41 404 63 
2 286 2 1
669 40 404 41 
2 287 2 1
670 39 404 40 
2 288 2 1
671 39 61 404 
2 289 2 1
672 61 62 404 
2 290 2 1
673 64 65 405 
2 291 2 1
674 43 405 65 
2 292 2 1
675 42 405 43 
2 293 2 1
676 41 405 42 
2 294 2 1
677 41 63 405 
2 295 2 1
678 63 64 405 
2 296 2 1
679 66 67 406 
2 297 2 1
680 45 406 67 
2 298 2 1
681 44 406 45 
2 299 2 1
682 43 406 44 
2 300 2 1
683 43 65 406 
2 301 2 1
684 65 66 406 
2 302 2 1
685 68 69 407 
2 303 2 1
686 47 407 69 
2 304 2 1
687 46 407 47 
2 305 2 1
688 45 407 46 
2 306 2 1
689 45 67 407 
2 307 2 1
690 67 68 407 
2 308 2 1
691 70 71 408 
2 309 2 1
692 49 408 71 
2 310 2 1
693 48 408 49 
2 311 2 1
694 47 408 48 
2 312 2 1
695 47 69 408 
2 313 2 1
696 69 70 408 
2 314 2 1
697 72 73 409 
2 315 2 1
698 51 409 73 
2 316 2 1
699 50 409 51 
2 317 2 1
700 49 409 50 
2 318 2 1
701 49 71 409 
2 319 2 1
702 71 72 409 
2 320 2 1
703 74 75 410 
2 321 2 1
704 53 410 75 
2 322 2 1
705 52 410 53 
2 323 2 1
706 51 410 52 
2 324 2 1
707 51 73 410 
2 325 2 1
708 73 74 410 
2 326 2 1
709 76 77 411 
2 327 2 1
710 77 78 411 
2 328 2 1
711 54 411 78 
2 329 2 1
712 53 411 54 
2 330 2 1
713 53 75 411 
2 331 2 1
714 75 76 411 
2 332 2 1
715 79 80 412 
2 333 2 1
716 56 412 80 
2 334 2 1
717 56 59 412 
2 335 2 1
718 59 81 412 
2 336 2 1
719 81 82 412 
2 337 2 1
720 79 412 82 
2 338 2 1
721 83 84 413 
2 339 2 1
722 60 413 84 
2 340 2 1
723 57 413 60 
2 341 2 1
724 56 413 57 
2 342 2 1
725 56 80 413 
2 343 2 1
726 80 83 413 
2 344 2 1
727 85 86 414 
2 345 2 1
728 62 414 86 
2 346 2 1
729 61 414 62 
2 347 2 1
730 60 414 61 
2 348 2 1
731 60 84 414 
2 349 2 1
732 84 85 414 
2 350 2 1
733 87 88 415 
2 351 2 1
734 64 415 88 
2 352 2 1
735 63 415 64 
2 353 2 1
736 62 415 63 
2 354 2 1
737 62 86 415 
2 355 2 1
738 86 87 415 
2 356 2 1
739 89 90 416 
2 357 2 1
740 66 416 90 
2 358 2 1
741 65 416 66 
2 359 2 1
742 64 416 65 
2 360 2 1
743 64 88 416 
2 361 2 1
744 88 89 416 
2 362 2 1
745 91 92 417 
2 363 2 1
746 68 417 92 
2 364 2 1
747 67 417 68 
2 365 2 1
748 66 417 67 
2 366 2 1
749 66 90 417 
2 367 2 1
750 90 91 417 
2 368 2 1
751 93 94 418 
2 369 2 1
752 70 418 94 
2 370 2 1
753 69 418 70 
2 371 2 1
754 68 418 69 
2 372 2 1
755 68 92 418 
2 373 2 1
756 92 93 418 
2 374 2 1
757 95 96 419 
2 375 2 1
758 72 419 96 
2 376 2 1
759 71 419 72 
2 377 2 1
760 70 419 71 
2 378 2 1
761 70 94 419 
2 379 2 1
762 94 95 419 
2 380 2 1
763 97 98 420 
2 381 2 1
764 74 420 98 
2 382 2 1
765 73 420 74 
2 383 2 1
766 72 420 73 
2 384 2 1
767 72 96 420 
2 385 2 1
768 96 97 420 
2 386 2 1
769 99 100 421 
2 387 2 1
770 76 421 100 
2 388 2 1
771 75 421 76 
2 389 2 1
772 74 421 75 
2 390 2 1
773 74 98 421 
2 391 2 1
774 98 99 421 
2 392 2 1
775 101 102 422 
2 393 2 1
776 102 103 422 
2 394 2 1
777 77 422 103 
2 395 2 1
778 76 422 77 
2 396 2 1
779 76 100 422 
2 397 2 1
780 100 101 422 
2 398 2 1
781 104 105 423 
2 399 2 1
782 79 423 105 
2 400 2 1
783 79 82 423 
2 401 2 1
784 82 106 423 
2 402 2 1
785 106 107 423 
2 403 2 1
786 104 423 107 
2 404 2 1
787 108 109 424 
2 405 2 1
788 83 424 109 
2 406 2 1
789 80 424 83 
2 407 2 1
790 79 424 80 
2 408 2 1
791 79 105 424 
2 409 2 1
792 105 108 424 
2 410 2 1
793 110 111 425 
2 411 2 1
794 85 425 111 
2 412 2 1
795 84 425 85 
2 413 2 1
796 83 425 84 
2 414 2 1
797 83 109 425 
2 415 2 1
798 109 110 425 
2 416 2 1
799 112 113 426 
2 417 2 1
800 87 426 113 
2 418 2 1
801 86 426 87 
2 419 2 1
802 85 426 86 
2 420 2 1
803 85 111 426 
2 421 2 1
804 111 112 426 
2 422 2 1
805 114 115 427 
2 423 2 1
806 89 427 115 
2 424 2 1
807 88 427 89 
2 425 2 1
808 87 427 88 
2 426 2 1
809 87 113 427 
2 427 2 1
810 113 114 427 
2 428 2 1
811 116 117 428 
2 429 2 1
812 91 428 117 
2 430 2 1
813 90 428 91 
2 431 2 1
814 89 428 90 
2 432 2 1
815 89 115 428 
2 433 2 1
816 115 116 428 
2 434 2 1
817 118 119 429 
2 435 2 1
818 93 429 119 
2 436 2 1
819 92 429 93 
2 437 2 1
820 91 429 92 
2 438 2 1
821 91 117 429 
2 439 2 1
822 117 118 429 
2 440 2 1
823 120 121 430 
2 441 2 1
824 95 430 121 
2 442 2 1
825 94 430 95 
2 443 2 1
826 93 430 94 
2 444 2 1
827 93 119 430 
2 445 2 1
828 119 120 430 
2 446 2 1
829 122 123 431 
2 447 2 1
830 97 431 123 
2 448 2 1
831 96 431 97 
2 449 2 1
832 95 431 96 
2 450 2 1
833 95 121 431 
2 451 2 1
834 121 122 431 
2 452 2 1
835 124 125 432 
2 453 2 1
836 99 432 125 
2 454 2 1
837 98 432 99 
2 455 2 1
838 97 432 98 
2 456 2 1
839 97 123 432 
2 457 2 1
840 123 124 432 
2 458 2 1
841 126 127 433 
2 459 2 1
842 101 433 127 
2 460 2 1
843 100 433 101 
2 461 2 1
844 99 433 100 
2 462 2 1
845 99 125 433 
2 463 2 1
846 125 126 433 
2 464 2 1
847 128 129 434 
2 465 2 1
848 129 130 434 
2 466 2 1
849 102 434 130 
2 467 2 1
850 101 434 102 
2 468 2 1
851 101 127 434 
2 469 2 1
852 127 128 434 
2 470 2 1
853 131 132 435 
2 471 2 1
854 104 435 132 
2 472 2 1
855 104 107 435 
2 473 2 1
856 107 133 435 
2 474 2 1
857 133 134 435 
2 475 2 1
858 131 435 134 
2 476 2 1
859 135 136 436 
2 477 2 1
860 108 436 136 
2 478 2 1
861 105 436 108 
2 479 2 1
862 104 436 105 
2 480 2 1
863 104 132 436 
2 481 2 1
864 132 135 436 
2 482 2 1
865 137 138 437 
2 483 2 1
866 110 437 138 
2 484 2 1
867 109 437 110 
2 485 2 1
868 108 437 109 
2 486 2 1
869 108 136 437 
2 487 2 1
870 136 137 437 
2 488 2 1
871 139 140 438 
2 489 2 1
872 112 438 140 
2 490 2 1
873 111 438 112 
2 491 2 1
874 110 438 111 
2 492 2 1
875 110 138 438 
2 493 2 1
876 138 139 438 
2 494 2 1
877 141 142 439 
2 495 2 1
878 114 439 142 
2 496 2 1
879 113 439 114 
2 497 2 1
880 112 439 113 
2 498 2 1
881 112 140 439 
2 499 2 1
882 140 141 439 
2 500 2 1
883 143 144 440 
2 501 2 1
884 116 440 144 
2 502 2 1
885 115 440 116 
2 503 2 1
886 114 440 115 
2 504 2 1
887 114 142 440 
2 505 2 1
888 142 143 440 
2 506 2 1
889 145 146 441 
2 507 2 1
890 118 441 146 
2 508 2 1
891 117 441 118 
2 509 2 1
892 116 441 117 
2 510 2 1
893 116 144 441 
2 511 2 1
894 144 145 441 
2 512 2 1
895 147 148 442 
2 513 2 1
896 120 442 148 
2 514 2 1
897 119 442 120 
2 515 2 1
898 118 442 119 
2 516 2 1
899 118 146 442 
2 517 2 1
900 146 147 442 
2 518 2 1
901 149 150 443 
2 519 2 1
902 122 443 150 
2 520 2 1
903 121 443 122 
2 521 2 1
904 120 443 121 
2 522 2 1
905 120 148 443 
2 523 2 1
906 148 149 443 
2 524 2 1
907 151 152 444 
2 525 2 1
908 124 444 152 
2 526 2 1
909 123 444 124 
2 527 2 1
910 122 444 123 
2 528 2 1
911 122 150 444 
2 529 2 1
912 150 151 444 
2 530 2 1
913 153 154 445 
2 531 2 1
914 126 445 154 
2 532 2 1
915 125 445 126 
2 533 2 1
916 124 445 125 
2 534 2 1
917 124 152 445 
2 535 2 1
918 152 153 445 
2 536 2 1
919 155 156 446 
2 537 2 1
920 128 446 156 
2 538 2 1
921 127 446 128 
2 539 2 1
922 126 446 127 
2 540 2 1
923 126 154 446 
2 541 2 1
924 154 155 446 
2 542 2 1
925 157 158 447 
2 543 2 1
926 158 159 447 
2 544 2 1
927 129 447 159 
2 545 2 1
928 128 447 129 
2 546 2 1
929 128 156 447 
2 547 2 1
930 156 157 447 
2 548 2 1
931 160 161 448 
2 549 2 1
932 131 448 161 
2 550 2 1
933 131 134 448 
2 551 2 1
934 134 162 448 
2 552 2 1
935 162 163 448 
2 553 2 1
936 160 448 163 
2 554 2 1
937 164 165 449 
2 555 2 1
938 135 449 165 
2 556 2 1
939 132 449 135 
2 557 2 1
940 131 449 132 
2 558 2 1
941 131 161 449 
2 559 2 1
942 161 164 449 
2 560 2 1
943 166 167 450 
2 561 2 1
944 137 450 167 
2 562 2 1
945 136 450 137 
2 563 2 1
946 135 450 136 
2 564 2 1
947 135 165 450 
2 565 2 1
948 165 166 450 
2 566 2 1
949 168 169 451 
2 567 2 1
950 139 451 169 
2 568 2 1
951 138 451 139 
2 569 2 1
952 137 451 138 
2 570 2 1
953 137 167 451 
2 571 2 1
954 167 168 451 
2 572 2 1
955 170 171 452 
2 573 2 1
956 141 452 171 
2 574 2 1
957 140 452 141 
2 575 2 1
958 139 452 140 
2 576 2 1
959 139 169 452 
2 577 2 1
960 169 170 452 
2 578 2 1
961 172 173 453 
2 579 2 1
962 143 453 173 
2 580 2 1
963 142 453 143 
2 581 2 1
964 141 453 142 
2 582 2 1
965 141 171 453 
2 583 2 1
966 171 172 453 
2 584 2 1
967 174 175 454 
2 585 2 1
968 145 454 175 
2 586 2 1
969 144 454 145 
2 587 2 1
970 143 454 144 
2 588 2 1
971 143 173 454 
2 589 2 1
972 173 174 454 
2 590 2 1
973 176 177 455 
2 591 2 1
974 147 455 177 
2 592 2 1
975 146 455 147 
2 593 2 1
976 145 455 146 
2 594 2 1
977 145 175 455 
2 595 2 1
978 175 176 455 
2 596 2 1
979 178 179 456 
2 597 2 1
980 149 456 179 
2 598 2 1
981 148 456 149 
2 599 2 1
982 147 456 148 
2 600 2 1
983 147 177 456 
2 601 2 1
984 177 178 456 
2 602 2 1
985 180 181 457 
2 603 2 1
986 151 457 181 
2 604 2 1
987 150 457 151 
2 605 2 1
988 149 457 150 
2 606 2 1
989 149 179 457 
2 607 2 1
990 179 180 457 
2 608 2 1
991 182 183 458 
2 609 2 1
992 153 458 183 
2 610 2 1
993 152 458 153 
2 611 2 1
994 151 458 152 
2 612 2 1
995 151 181 458 
2 613 2 1
996 181 182 458 
2 614 2 1
997 184 185 459 
2 615 2 1
998 155 459 185 
2 616 2 1
999 154 459 155 
2 617 2 1
1000 153 459 154 
2 618 2 1
1001 153 183 459 
2 619 2 1
1002 183 184 459 
2 620 2 1
1003 186 187 460 
2 621 2 1
1004 157 460 187 
2 622 2 1
1005 156 460 157 
2 623 2 1
1006 155 460 156 
2 624 2 1
1007 155 185 460 
2 625 2 1
1008 185 186 460 
2 626 2 1
1009 188 189 461 
2 627 2 1
1010 189 190 461 
2 628 2 1
1011 158 461 190 
2 629 2 1
1012 157 461 158 
2 630 2 1
1013 157 187 461 
2 631 2 1
1014 187 188 461 
2 632 2 1
1015 191 192 462 
2 633 2 1
1016 160 462 192 
2 634 2 1
1017 160 163 462 
2 635 2 1
1018 163 193 462 
2 636 2 1
1019 193 194 462 
2 637 2 1
1020 191 462 194 
2 638 2 1
1021 195 196 463 
2 639 2 1
1022 164 463 196 
2 640 2 1
1023 161 463 164 
2 641 2 1
1024 160 463 161 
2 642 2 1
1025 160 192 463 
2 643 2 1
1026 192 195 463 
2 644 2 1
1027 197 198 464 
2 645 2 1
1028 166 464 198 
2 646 2 1
1029 165 464 166 
2 647 2 1
1030 164 464 165 
2 648 2 1
1031 164 196 464 
2 649 2 1
1032 196 197 464 
2 650 2 1
1033 199 200 465 
2 651 2 1
1034 168 465 200 
2 652 2 1
1035 167 465 168 
2 653 2 1
1036 166 465 167 
2 654 2 1
1037 166 198 465 
2 655 2 1
1038 198 199 465 
2 656 2 1
1039 201 202 466 
2 657 2 1
1040 170 466 202 
2 658 2 1
1041 169 466 170 
2 659 2 1
1042 168 466 169 
2 660 2 1
1043 168 200 466 
2 661 2 1
1044 200 201 466 
2 662 2 1
1045 203 204 467 
2 663 2 1
1046 172 467 204 
2 664 2 1
1047 171 467 172 
2 665 2 1
1048 170 467 171 
2 666 2 1
1049 170 202 467 
2 667 2 1
1050 202 203 467 
2 668 2 1
1051 205 206 468 
2 669 2 1
1052 174 468 206 
2 670 2 1
1053 173 468 174 
2 671 2 1
1054 172 468 173 
2 672 2 1
1055 172 204 468 
2 673 2 1
1056 204 205 468 
2 674 2 1
1057 207 208 469 
2 675 2 1
1058 176 469 208 
2 676 2 1
1059 175 469 176 
2 677 2 1
1060 174 469 175 
2 678 2 1
1061 174 206 469 
2 679 2 1
1062 206 207 469 
2 680 2 1
1063 209 210 470 
2 681 2 1
1064 178 470 210 
2 682 2 1
1065 177 470 178 
2 683 2 1
1066 176 470 177 
2 684 2 1
1067 176 208 470 
2 685 2 1
1068 208 209 470 
2 686 2 1
1069 211 212 471 
2 687 2 1
1070 180 471 212 
2 688 2 1
1071 179 471 180 
2 689 2 1
1072 178 471 179 
2 690 2 1
1073 178 210 471 
2 691 2 1
1074 210 211 471 
2 692 2 1
1075 213 214 472 
2 693 2 1
1076 182 472 214 
2 694 2 1
1077 181 472 182 
2 695 2 1
1078 180 472 181 
2 696 2 1
1079 180 212 472 
2 697 2 1
1080 212 213 472 
2 698 2 1
1081 215 216 473 
2 699 2 1
1082 184 473 216 
2 700 2 1
1083 183 473 184 
2 701 2 1
1084 182 473 183 
2 702 2 1
1085 182 214 473 
2 703 2 1
1086 214 215 473 
2 704 2 1
1087 217 218 474 
2 705 2 1
1088 186 474 218 
2 706 2 1
1089 185 474 186 
2 707 2 1
1090 184 474 185 
2 708 2 1
1091 184 216 474 
2 709 2 1
1092 216 217 474 
2 710 2 1
1093 219 220 475 
2 711 2 1
1094 188 475 220 
2 712 2 1
1095 187 475 188 
2 713 2 1
1096 186 475 187 
2 714 2 1
1097 186 218 475 
2 715 2 1
1098 218 219 475 
2 716 2 1
1099 221 222 476 
2 717 2 1
1100 222 223 476 
2 718 2 1
1101 189 476 223 
2 719 2 1
1102 188 476 189 
2 720 2 1
1103 188 220 476 
2 721 2 1
1104 220 221 476 
2 722 2 1
1105 224 225 477 
2 723 2 1
1106 195 477 225 
2 724 2 1
1107 192 477 195 
2 725 2 1
1108 191 477 192 
2 726 2 1
1109 191 226 477 
2 727 2 1
1110 224 477 226 
2 728 2 1
1111 227 228 478 
2 729 2 1
1112 197 478 228 
2 730 2 1
1113 196 478 197 
2 731 2 1
1114 195 478 196 
2 732 2 1
1115 195 225 478 
2 733 2 1
1116 225 227 478 
2 734 2 1
1117 229 230 479 
2 735 2 1
1118 199 479 230 
2 736 2 1
1119 198 479 199 
2 737 2 1
1120 197 479 198 
2 738 2 1
1121 197 228 479 
2 739 2 1
1122 228 229 479 
2 740 2 1
1123 231 232 480 
2 741 2 1
1124 201 480 232 
2 742 2 1
1125 200 480 201 
2 743 2 1
1126 199 480 200 
2 744 2 1
1127 199 230 480 
2 745 2 1
1128 230 231 480 
2 746 2 1
1129 233 234 481 
2 747 2 1
1130 203 481 234 
2 748 2 1
1131 202 481 203 
2 749 2 1
1132 201 481 202 
2 750 2 1
1133 201 232 481 
2 751 2 1
1134 232 233 481 
2 752 2 1
1135 235 236 482 
2 753 2 1
1136 205 482 236 
2 754 2 1
1137 204 482 205 
2 755 2 1
1138 203 482 204 
2 756 2 1
1139 203 234 482 
2 757 2 1
1140 234 235 482 
2 758 2 1
1141 237 238 483 
2 759 2 1
1142 207 483 238 
2 760 2 1
1143 206 483 207 
2 761 2 1
1144 205 483 206 
2 762 2 1
1145 205 236 483 
2 763 2 1
1146 236 237 483 
2 764 2 1
1147 239 240 484 
2 765 2 1
1148 209 484 240 
2 766 2 1
1149 208 484 209 
2 767 2 1
1150 207 484 208 
2 768 2 1
1151 207 238 484 
2 769 2 1
1152 238 239 484 
2 770 2 1
1153 241 242 485 
2 771 2 1
1154 211 485 242 
2 772 2 1
1155 210 485 211 
2 773 2 1
1156 209 485 210 
2 774 2 1
1157 209 240 485 
2 775 2 1
1158 240 241 485 
2 776 2 1
1159 243 244 486 
2 777 2 1
1160 213 486 244 
2 778 2 1
1161 212 486 213 
2 779 2 1
1162 211 486 212 
2 780 2 1
1163 211 242 486 
2 781 2 1
1164 242 243 486 
2 782 2 1
1165 245 246 487 
2 783 2 1
1166 215 487 246 
2 784 2 1
1167 214 487 215 
2 785 2 1
1168 213 487 214 
2 786 2 1
1169 213 244 487 
2 787 2 1
1170 244 245 487 
2 788 2 1
1171 247 248 488 
2 789 2 1
1172 217 488 248 
2 790 2 1
1173 216 488 217 
2 791 2 1
1174 215 488 216 
2 792 2 1
1175 215 246 488 
2 793 2 1
1176 246 247 488 
2 794 2 1
1177 249 250 489 
2 795 2 1
1178 219 489 250 
2 796 2 1
1179 218 489 219 
2 797 2 1
1180 217 489 218 
2 798 2 1
1181 217 248 489 
2 799 2 1
1182 248 249 489 
2 800 2 1
1183 251 252 490 
2 801 2 1
1184 221 490 252 
2 802 2 1
1185 220 490 221 
2 803 2 1
1186 219 490 220 
2 804 2 1
1187 219 250 490 
2 805 2 1
1188 250 251 490 
2 806 2 1
1189 253 254 491 
2 807 2 1
1190 227 491 254 
2 808 2 1
1191 225 491 227 
2 809 2 1
1192 224 491 225 
2 810 2 1
1193 224 255 491 
2 811 2 1
1194 253 491 255 
2 812 2 1
1195 256 257 492 
2 813 2 1
1196 229 492 257 
2 814 2 1
1197 228 492 229 
2 815 2 1
1198 227 492 228 
2 816 2 1
1199 227 254 492 
2 817 2 1
1200 254 256 492 
2 818 2 1
1201 258 259 493 
2 819 2 1
1202 231 493 259 
2 820 2 1
1203 230 493 231 
2 821 2 1
1204 229 493 230 
2 822 2 1
1205 229 257 493 
2 823 2 1
1206 257 258 493 
2 824 2 1
1207 260 261 494 
2 825 2 1
1208 233 494 261 
2 826 2 1
1209 232 494 233 
2 827 2 1
1210 231 494 232 
2 828 2 1
1211 231 259 494 
2 829 2 1
1212 259 260 494 
2 830 2 1
1213 262 263 495 
2 831 2 1
1214 235 495 263 
2 832 2 1
1215 234 495 235 
2 833 2 1
1216 233 495 234 
2 834 2 1
1217 233 261 495 
2 835 2 1
1218 261 262 495 
2 836 2 1
1219 264 265 496 
2 837 2 1
1220 237 496 265 
2 838 2 1
1221 236 496 237 
2 839 2 1
1222 235 496 236 
2 840 2 1
1223 235 263 496 
2 841 2 1
1224 263 264 496 
2 842 2 1
1225 266 267 497 
2 843 2 1
1226 239 497 267 
2 844 2 1
1227 238 497 239 
2 845 2 1
1228 237 497 238 
2 846 2 1
1229 237 265 497 
2 847 2 1
1230 265 266 497 
2 848 2 1
1231 268 269 498 
2 849 2 1
1232 241 498 269 
2 850 2 1
1233 240 498 241 
2 851 2 1
1234 239 498 240 
2 852 2 1
1235 239 267 498 
2 853 2 1
1236 267 268 498 
2 854 2 1
1237 270 271 499 
2 855 2 1
1238 243 499 271 
2 856 2 1
1239 242 499 243 
2 857 2 1
1240 241 499 242 
2 858 2 1
1241 241 269 499 
2 859 2 1
1242 269 270 499 
2 860 2 1
1243 272 273 500 
2 861 2 1
1244 245 500 273 
2 862 2 1
1245 244 500 245 
2 863 2 1
1246 243 500 244 
2 864 2 1
1247 243 271 500 
2 865 2 1
1248 271 272 500 
2 866 2 1
1249 274 275 501 
2 867 2 1
1250 247 501 275 
2 868 2 1
1251 246 501 247 
2 869 2 1
1252 245 501 246 
2 870 2 1
1253 245 273 501 
2 871 2 1
1254 273 274 501 
2 872 2 1
1255 276 277 502 
2 873 2 1
1256 249 502 277 
2 874 2 1
1257 248 502 249 
2 875 2 1
1258 247 502 248 
2 876 2 1
1259 247 275 502 
2 877 2 1
1260 275 276 502 
2 878 2 1
1261 278 279 503 
2 879 2 1
1262 251 503 279 
2 880 2 1
1263 250 503 251 
2 881 2 1
1264 249 503 250 
2 882 2 1
1265 249 277 503 
2 883 2 1
1266 277 278 503 
2 884 2 1
1267 280 281 504 
2 885 2 1
1268 256 504 281 
2 886 2 1
1269 254 504 256 
2 887 2 1
1270 253 504 254 
2 888 2 1
1271 253 282 504 
2 889 2 1
1272 280 504 282 
2 890 2 1
1273 283 284 505 
2 891 2 1
1274 258 505 284 
2 892 2 1
1275 257 505 258 
2 893 2 1
1276 256 505 257 
2 894 2 1
1277 256 281 505 
2 895 2 1
1278 281 283 505 
2 896 2 1
1279 285 286 506 
2 897 2 1
1280 260 506 286 
2 898 2 1
1281 259 506 260 
2 899 2 1
1282 258 506 259 
2 900 2 1
1283 258 284 506 
2 901 2 1
1284 284 285 506 
2 902 2 1
1285 287 288 507 
2 903 2 1
1286 262 507 288 
2 904 2 1
1287 261 507 262 
2 905 2 1
1288 260 507 261 
2 906 2 1
1289 260 286 507 
2 907 2 1
1290 286 287 507 
2 908 2 1
1291 289 290 508 
2 909 2 1
1292 264 508 290 
2 910 2 1
1293 263 508 264 
2 911 2 1
1294 262 508 263 
2 912 2 1
1295 262 288 508 
2 913 2 1
1296 288 289 508 
2 914 2 1
1297 291 292 509 
2 915 2 1
1298 266 509 292 
2 916 2 1
1299 265 509 266 
2 917 2 1
1300 264 509 265 
2 918 2 1
1301 264 290 509 
2 919 2 1
1302 290 291 509 
2 920 2 1
1303 293 294 510 
2 921 2 1
1304 268 510 294 
2 922 2 1
1305 267 510 268 
2 923 2 1
1306 266 510 267 
2 924 2 1
1307 266 292 510 
2 925 2 1
1308 292 293 510 
2 926 2 1
1309 295 296 511 
2 927 2 1
1310 270 511 296 
2 928 2 1
1311 269 511 270 
2 929 2 1
1312 268 511 269 
2 930 2 1
1313 268 294 511 
2 931 2 1
1314 294 295 511 
2 932 2 1
1315 297 298 512 
2 933 2 1
1316 272 512 298 
2 934 2 1
1317 271 512 272 
2 935 2 1
1318 270 512 271 
2 936 2 1
1319 270 296 512 
2 937 2 1
1320 296 297 512 
2 938 2 1
1321 299 300 513 
2 939 2 1
1322 274 513 300 
2 940 2 1
1323 273 513 274 
2 941 2 1
1324 272 513 273 
2 942 2 1
1325 272 298 513 
2 943 2 1
1326 298 299 513 
2 944 2 1
1327 301 302 514 
2 945 2 1
1328 276 514 302 
2 946 2 1
1329 275 514 276 
2 947 2 1
1330 274 514 275 
2 948 2 1
1331 274 300 514 
2 949 2 1
1332 300 301 514 
2 950 2 1
1333 303 304 515 
2 951 2 1
1334 278 515 304 
2 952 2 1
1335 277 515 278 
2 953 2 1
1336 276 515 277 
2 954 2 1
1337 276 302 515 
2 955 2 1
1338 302 303 515 
2 956 2 1
1339 305 306 516 
2 957 2 1
1340 283 516 306 
2 958 2 1
1341 281 516 283 
2 959 2 1
1342 280 516 281 
2 960 2 1
1343 280 307 516 
2 961 2 1
1344 305 516 307 
2 962 2 1
1345 308 309 517 
2 963 2 1
1346 285 517 309 
2 964 2 1
1347 284 517 285 
2 965 2 1
1348 283 517 284 
2 966 2 1
1349 283 306 517 
2 967 2 1
1350 306 308 517 
2 968 2 1
1351 310 311 518 
2 969 2 1
1352 287 518 311 
2 970 2 1
1353 286 518 287 
2 971 2 1
1354 285 518 286 
2 972 2 1
1355 285 309 518 
2 973 2 1
1356 309 310 518 
2 974 2 1
1357 312 313 519 
2 975 2 1
1358 289 519 313 
2 976 2 1
1359 288 519 289 
2 977 2 1
1360 287 519 288 
2 978 2 1
1361 287 311 519 
2 979 2 1
1362 311 312 519 
2 980 2 1
1363 314 315 520 
2 981 2 1
1364 291 520 315 
2 982 2 1
1365 290 520 291 
2 983 2 1
1366 289 520 290 
2 984 2 1
1367 289 313 520 
2 985 2 1
1368 313 314 520 
2 986 2 1
1369 316 317 521 
2 987 2 1
1370 293 521 317 
2 988 2 1
1371 292 521 293 
2 989 2 1
1372 291 521 292 
2 990 2 1
1373 291 315 521 
2 991 2 1
1374 315 316 521 
2 992 2 1
1375 318 319 522 
2 993 2 1
1376 295 522 319 
2 994 2 1
1377 294 522 295 
2 995 2 1
1378 293 522 294 
2 996 2 1
1379 293 317 522 
2 997 2 1
1380 317 318 522 
2 998 2 1
1381 320 321 523 
2 999 2 1
1382 297 523 321 
2 1000 2 1
1383 296 523 297 
2 1001 2 1
1384 295 523 296 
2 1002 2 1
1385 295 319 523 
2 1003 2 1
1386 319 320 523 
2 1004 2 1
1387 322 323 524 
2 1005 2 1
1388 299 524 323 
2 1006 2 1
1389 298 524 299 
2 1007 2 1
1390 297 524 298 
2 1008 2 1
1391 297 321 524 
2 1009 2 1
1392 321 322 524 
2 1010 2 1
1393 324 325 525 
2 1011 2 1
1394 301 525 325 
2 1012 2 1
1395 300 525 301 
2 1013 2 1
1396 299 525 300 
2 1014 2 1
1397 299 323 525 
2 1015 2 1
1398 323 324 525 
2 1016 2 1
1399 326 327 526 
2 1017 2 1
1400 303 526 327 
2 1018 2 1
1401 302 526 303 
2 1019 2 1
1402 301 526 302 
2 1020 2 1
1403 301 325 526 
2 1021 2 1
1404 325 326 526 
2 1022 2 1
1405 328 329 527 
2 1023 2 1
1406 308 527 329 
2 1024 2 1
1407 306 527 308 
2 1025 2 1
1408 305 527 306 
2 1026 2 1
1409 305 330 527 
2 1027 2 1
1410 328 527 330 
2 1028 2 1
1411 331 332 528 
2 1029 2 1
1412 310 528 332 
2 1030 2 1
1413 309 528 310 
2 1031 2 1
1414 308 528 309 
2 1032 2 1
1415 308 329 528 
2 1033 2 1
1416 329 331 528 
2 1034 2 1
1417 333 334 529 
2 1035 2 1
1418 312 529 334 
2 1036 2 1
1419 311 529 312 
2 1037 2 1
1420 310 529 311 
2 1038 2 1
1421 310 332 529 
2 1039 2 1
1422 332 333 529 
2 1040 2 1
1423 335 336 530 
2 1041 2 1
1424 314 530 336 
2 1042 2 1
1425 313 530 314 
2 1043 2 1
1426 312 530 313 
2 1044 2 1
1427 312 334 530 
2 1045 2 1
1428 334 335 530 
2 1046 2 1
1429 337 338 531 
2 1047 2 1
1430 316 531 338 
2 1048 2 1
1431 315 531 316 
2 1049 2 1
1432 314 531 315 
2 1050 2 1
1433 314 336 531 
2 1051 2 1
1434 336 337 531 
2 1052 2 1
1435 339 340 532 
2 1053 2 1
1436 318 532 340 
2 1054 2 1
1437 317 532 318 
2 1055 2 1
1438 316 532 317 
2 1056 2 1
1439 316 338 532 
2 1057 2 1
1440 338 339 532 
2 1058 2 1
1441 341 342 533 
2 1059 2 1
1442 320 533 342 
2 1060 2 1
1443 319 533 320 
2 1061 2 1
1444 318 533 319 
2 1062 2 1
1445 318 340 533 
2 1063 2 1
1446 340 341 533 
2 1064 2 1
1447 343 344 534 
2 1065 2 1
1448 322 534 344 
2 1066 2 1
1449 321 534 322 
2 1067 2 1
1450 320 534 321 
2 1068 2 1
1451 320 342 534 
2 1069 2 1
1452 342 343 534 
2 1070 2 1
1453 345 346 535 
2 1071 2 1
1454 324 535 346 
2 1072 2 1
1455 323 535 324 
2 1073 2 1
1456 322 535 323 
2 1074 2 1
1457 322 344 535 
2 1075 2 1
1458 344 345 535 
2 1076 2 1
1459 347 348 536 
2 1077 2 1
1460 326 536 348 
2 1078 2 1
1461 325 536 326 
2 1079 2 1
1462 324 536 325 
2 1080 2 1
1463 324 346 536 
2 1081 2 1
1464 346 347 536 
2 1082 2 1
1465 349 350 537 
2 1083 2 1
1466 331 537 350 
2 1084 2 1
1467 329 537 331 
2 1085 2 1
1468 328 537 329 
2 1086 2 1
1469 328 351 537 
2 1087 2 1
1470 349 537 351 
2 1088 2 1
1471 352 353 538 
2 1089 2 1
1472 333 538 353 
2 1090 2 1
1473 332 538 333 
2 1091 2 1
1474 331 538 332 
2 1092 2 1
1475 331 350 538 
2 1093 2 1
1476 350 352 538 
2 1094 2 1
1477 354 355 539 
2 1095 2 1
1478 335 539 355 
2 1096 2 1
1479 334 539 335 
2 1097 2 1
1480 333 539 334 
2 1098 2 1
1481 333 353 539 
2 1099 2 1
1482 353 354 539 
2 1100 2 1
1483 356 357 540 
2 1101 2 1
1484 337 540 357 
2 1102 2 1
1485 336 540 337 
2 1103 2 1
1486 335 540 336 
2 1104 2 1
1487 335 355 540 
2 1105 2 1
1488 355 356 540 
2 1106 2 1
1489 358 359 541 
2 1107 2 1
1490 339 541 359 
2 1108 2 1
1491 338 541 339 
2 1109 2 1
1492 337 541 338 
2 1110 2 1
1493 337 357 541 
2 1111 2 1
1494 357 358 541 
2 1112 2 1
1495 360 361 542 
2 1113 2 1
1496 341 542 361 
2 1114 2 1
1497 340 542 341 
2 1115 2 1
1498 339 542 340 
2 1116 2 1
1499 339 359 542 
2 1117 2 1
1500 359 360 542 
2 1118 2 1
1501 362 363 543 
2 1119 2 1
1502 343 543 363 
2 1120 2 1
1503 342 543 343 
2 1121 2 1
1504 341 543 342 
2 1122 2 1
1505 341 361 543 
2 1123 2 1
1506 361 362 543 
2 1124 2 1
1507 364 365 544 
2 1125 2 1
1508 345 544 365 
2 1126 2 1
1509 344 544 345 
2 1127 2 1
1510 343 544 344 
2 1128 2 1
1511 343 363 544 
2 1129 2 1
1512 363 364 544 
2 1130 2 1
1513 366 367 545 
2 1131 2 1
1514 347 545 367 
2 1132 2 1
1515 346 545 347 
2 1133 2 1
1516 345 545 346 
2 1134 2 1
1517 345 365 545 
2 1135 2 1
1518 365 366 545 
2 1136 2 1
1519 368 369 546 
2 1137 2 1
1520 352 546 369 
2 1138 2 1
1521 350 546 352 
2 1139 2 1
1522 349 546 350 
2 1140 2 1
1523 349 370 546 
2 1141 2 1
1524 368 546 370 
2 1142 2 1
1525 371 372 547 
2 1143 2 1
1526 354 547 372 
2 1144 2 1
1527 353 547 354 
2 1145 2 1
1528 352 547 353 
2 1146 2 1
1529 352 369 547 
2 1147 2 1
1530 369 371 547 
2 1148 2 1
1531 373 374 548 
2 1149 2 1
1532 356 548 374 
2 1150 2 1
1533 355 548 356 
2 1151 2 1
1534 354 548 355 
2 1152 2 1
1535 354 372 548 
2 1153 2 1
1536 372 373 548 
2 1154 2 1
1537 375 376 549 
2 1155 2 1
1538 358 549 376 
2 1156 2 1
1539 357 549 358 
2 1157 2 1
1540 356 549 357 
2 1158 2 1
1541 356 374 549 
2 1159 2 1
1542 374 375 549 
2 1160 2 1
1543 377 378 550 
2 1161 2 1
1544 360 550 378 
2 1162 2 1
1545 359 550 360 
2 1163 2 1
1546 358 550 359 
2 1164 2 1
1547 358 376 550 
2 1165 2 1
1548 376 377 550 
2 1166 2 1
1549 379 380 551 
2 1167 2 1
1550 362 551 380 
2 1168 2 1
1551 361 551 362 
2 1169 2 1
1552 360 551 361 
2 1170 2 1
1553 360 378 551 
2 1171 2 1
1554 378 379 551 
2 1172 2 1
1555 381 382 552 
2 1173 2 1
1556 364 552 382 
2 1174 2 1
1557 363 552 364 
2 1175 2 1
1558 362 552 363 
2 1176 2 1
1559 362 380 552 
2 1177 2 1
1560 380 381 552 
2 1178 2 1
1561 383 384 553 
2 1179 2 1
1562 366 553 384 
2 1180 2 1
1563 365 553 366 
2 1181 2 1
1564 364 553 365 
2 1182 2 1
1565 364 382 553 
2 1183 2 1
1566 382 383 553 
$EndElements
